employee_id,scored_date,risk_score,risk_tier,model_name
2,2025-12-31,0.17251,Low,logistic_regression
5,2025-12-31,0.5853,Medium,logistic_regression
7,2025-12-31,0.64371,Medium,logistic_regression
8,2025-12-31,0.42998,Low,logistic_regression
10,2025-12-31,0.76107,High,logistic_regression
11,2025-12-31,0.43658,Low,logistic_regression
12,2025-12-31,0.23375,Low,logistic_regression
13,2025-12-31,0.17211,Low,logistic_regression
14,2025-12-31,0.61843,Medium,logistic_regression
15,2025-12-31,0.68411,High,logistic_regression
16,2025-12-31,0.42818,Low,logistic_regression
18,2025-12-31,0.3804,Low,logistic_regression
20,2025-12-31,0.21137,Low,logistic_regression
21,2025-12-31,0.68758,High,logistic_regression
22,2025-12-31,0.58185,Medium,logistic_regression
23,2025-12-31,0.09063,Low,logistic_regression
24,2025-12-31,0.54234,Medium,logistic_regression
26,2025-12-31,0.09868,Low,logistic_regression
28,2025-12-31,0.22104,Low,logistic_regression
30,2025-12-31,0.69991,High,logistic_regression
32,2025-12-31,0.02793,Low,logistic_regression
35,2025-12-31,0.25683,Low,logistic_regression
36,2025-12-31,0.13432,Low,logistic_regression
38,2025-12-31,0.20621,Low,logistic_regression
39,2025-12-31,0.63803,Medium,logistic_regression
40,2025-12-31,0.25027,Low,logistic_regression
41,2025-12-31,0.40403,Low,logistic_regression
46,2025-12-31,0.05067,Low,logistic_regression
49,2025-12-31,0.29771,Low,logistic_regression
51,2025-12-31,0.72021,High,logistic_regression
52,2025-12-31,0.31957,Low,logistic_regression
53,2025-12-31,0.24461,Low,logistic_regression
54,2025-12-31,0.33921,Low,logistic_regression
56,2025-12-31,0.48804,Medium,logistic_regression
57,2025-12-31,0.29497,Low,logistic_regression
60,2025-12-31,0.38525,Low,logistic_regression
61,2025-12-31,0.5124,Medium,logistic_regression
62,2025-12-31,0.82118,High,logistic_regression
63,2025-12-31,0.28119,Low,logistic_regression
68,2025-12-31,0.58541,Medium,logistic_regression
70,2025-12-31,0.30721,Low,logistic_regression
72,2025-12-31,0.72623,High,logistic_regression
73,2025-12-31,0.52596,Medium,logistic_regression
74,2025-12-31,0.61471,Medium,logistic_regression
75,2025-12-31,0.87331,High,logistic_regression
76,2025-12-31,0.10291,Low,logistic_regression
77,2025-12-31,0.07629,Low,logistic_regression
78,2025-12-31,0.43366,Low,logistic_regression
79,2025-12-31,0.49328,Medium,logistic_regression
80,2025-12-31,0.39533,Low,logistic_regression
81,2025-12-31,0.88187,High,logistic_regression
83,2025-12-31,0.03647,Low,logistic_regression
84,2025-12-31,0.05209,Low,logistic_regression
85,2025-12-31,0.54909,Medium,logistic_regression
86,2025-12-31,0.16247,Low,logistic_regression
88,2025-12-31,0.61281,Medium,logistic_regression
91,2025-12-31,0.68494,High,logistic_regression
94,2025-12-31,0.15999,Low,logistic_regression
95,2025-12-31,0.48409,Medium,logistic_regression
96,2025-12-31,0.16354,Low,logistic_regression
97,2025-12-31,0.45866,Medium,logistic_regression
98,2025-12-31,0.10852,Low,logistic_regression
100,2025-12-31,0.57255,Medium,logistic_regression
101,2025-12-31,0.543,Medium,logistic_regression
102,2025-12-31,0.14795,Low,logistic_regression
103,2025-12-31,0.60184,Medium,logistic_regression
104,2025-12-31,0.42386,Low,logistic_regression
105,2025-12-31,0.31267,Low,logistic_regression
106,2025-12-31,0.30607,Low,logistic_regression
107,2025-12-31,0.1754,Low,logistic_regression
110,2025-12-31,0.24229,Low,logistic_regression
112,2025-12-31,0.14651,Low,logistic_regression
113,2025-12-31,0.76542,High,logistic_regression
116,2025-12-31,0.07308,Low,logistic_regression
117,2025-12-31,0.0445,Low,logistic_regression
119,2025-12-31,0.24744,Low,logistic_regression
120,2025-12-31,0.78375,High,logistic_regression
121,2025-12-31,0.50472,Medium,logistic_regression
124,2025-12-31,0.59504,Medium,logistic_regression
125,2025-12-31,0.41789,Low,logistic_regression
126,2025-12-31,0.12395,Low,logistic_regression
128,2025-12-31,0.43081,Low,logistic_regression
129,2025-12-31,0.17576,Low,logistic_regression
132,2025-12-31,0.3326,Low,logistic_regression
134,2025-12-31,0.57466,Medium,logistic_regression
138,2025-12-31,0.37069,Low,logistic_regression
139,2025-12-31,0.03695,Low,logistic_regression
140,2025-12-31,0.00831,Low,logistic_regression
141,2025-12-31,0.42236,Low,logistic_regression
143,2025-12-31,0.14414,Low,logistic_regression
144,2025-12-31,0.73769,High,logistic_regression
145,2025-12-31,0.4603,Medium,logistic_regression
148,2025-12-31,0.13814,Low,logistic_regression
150,2025-12-31,0.4784,Medium,logistic_regression
151,2025-12-31,0.15669,Low,logistic_regression
152,2025-12-31,0.23414,Low,logistic_regression
153,2025-12-31,0.1955,Low,logistic_regression
154,2025-12-31,0.19556,Low,logistic_regression
155,2025-12-31,0.30186,Low,logistic_regression
158,2025-12-31,0.45656,Medium,logistic_regression
159,2025-12-31,0.45209,Medium,logistic_regression
160,2025-12-31,0.18275,Low,logistic_regression
162,2025-12-31,0.25011,Low,logistic_regression
164,2025-12-31,0.2345,Low,logistic_regression
169,2025-12-31,0.25145,Low,logistic_regression
170,2025-12-31,0.31895,Low,logistic_regression
171,2025-12-31,0.60106,Medium,logistic_regression
174,2025-12-31,0.50305,Medium,logistic_regression
176,2025-12-31,0.3934,Low,logistic_regression
177,2025-12-31,0.33681,Low,logistic_regression
178,2025-12-31,0.12363,Low,logistic_regression
182,2025-12-31,0.09026,Low,logistic_regression
183,2025-12-31,0.74299,High,logistic_regression
184,2025-12-31,0.69106,High,logistic_regression
192,2025-12-31,0.39894,Low,logistic_regression
193,2025-12-31,0.45264,Medium,logistic_regression
194,2025-12-31,0.64489,Medium,logistic_regression
195,2025-12-31,0.06795,Low,logistic_regression
197,2025-12-31,0.14207,Low,logistic_regression
198,2025-12-31,0.42339,Low,logistic_regression
199,2025-12-31,0.13066,Low,logistic_regression
200,2025-12-31,0.31302,Low,logistic_regression
201,2025-12-31,0.68018,High,logistic_regression
202,2025-12-31,0.4797,Medium,logistic_regression
204,2025-12-31,0.1918,Low,logistic_regression
205,2025-12-31,0.7822,High,logistic_regression
206,2025-12-31,0.46394,Medium,logistic_regression
207,2025-12-31,0.48355,Medium,logistic_regression
208,2025-12-31,0.04136,Low,logistic_regression
211,2025-12-31,0.21631,Low,logistic_regression
214,2025-12-31,0.75094,High,logistic_regression
215,2025-12-31,0.14079,Low,logistic_regression
216,2025-12-31,0.42429,Low,logistic_regression
217,2025-12-31,0.15314,Low,logistic_regression
218,2025-12-31,0.16661,Low,logistic_regression
221,2025-12-31,0.33975,Low,logistic_regression
223,2025-12-31,0.26623,Low,logistic_regression
224,2025-12-31,0.50401,Medium,logistic_regression
226,2025-12-31,0.08035,Low,logistic_regression
227,2025-12-31,0.24012,Low,logistic_regression
228,2025-12-31,0.20022,Low,logistic_regression
230,2025-12-31,0.18775,Low,logistic_regression
231,2025-12-31,0.29685,Low,logistic_regression
233,2025-12-31,0.75516,High,logistic_regression
238,2025-12-31,0.59699,Medium,logistic_regression
239,2025-12-31,0.21768,Low,logistic_regression
240,2025-12-31,0.41877,Low,logistic_regression
241,2025-12-31,0.51232,Medium,logistic_regression
242,2025-12-31,0.17854,Low,logistic_regression
244,2025-12-31,0.23772,Low,logistic_regression
245,2025-12-31,0.32613,Low,logistic_regression
246,2025-12-31,0.35556,Low,logistic_regression
247,2025-12-31,0.34229,Low,logistic_regression
249,2025-12-31,0.27028,Low,logistic_regression
250,2025-12-31,0.07225,Low,logistic_regression
252,2025-12-31,0.14473,Low,logistic_regression
253,2025-12-31,0.03847,Low,logistic_regression
254,2025-12-31,0.26008,Low,logistic_regression
256,2025-12-31,0.1415,Low,logistic_regression
258,2025-12-31,0.05863,Low,logistic_regression
259,2025-12-31,0.15012,Low,logistic_regression
260,2025-12-31,0.28354,Low,logistic_regression
262,2025-12-31,0.01374,Low,logistic_regression
264,2025-12-31,0.02956,Low,logistic_regression
267,2025-12-31,0.87301,High,logistic_regression
269,2025-12-31,0.61872,Medium,logistic_regression
270,2025-12-31,0.04863,Low,logistic_regression
271,2025-12-31,0.16746,Low,logistic_regression
273,2025-12-31,0.15138,Low,logistic_regression
274,2025-12-31,0.36309,Low,logistic_regression
275,2025-12-31,0.09717,Low,logistic_regression
277,2025-12-31,0.37238,Low,logistic_regression
281,2025-12-31,0.47141,Medium,logistic_regression
284,2025-12-31,0.48754,Medium,logistic_regression
286,2025-12-31,0.58079,Medium,logistic_regression
287,2025-12-31,0.04562,Low,logistic_regression
288,2025-12-31,0.04853,Low,logistic_regression
292,2025-12-31,0.07276,Low,logistic_regression
293,2025-12-31,0.47614,Medium,logistic_regression
296,2025-12-31,0.11859,Low,logistic_regression
298,2025-12-31,0.29141,Low,logistic_regression
302,2025-12-31,0.1717,Low,logistic_regression
303,2025-12-31,0.15486,Low,logistic_regression
304,2025-12-31,0.23841,Low,logistic_regression
305,2025-12-31,0.16615,Low,logistic_regression
306,2025-12-31,0.22586,Low,logistic_regression
307,2025-12-31,0.27561,Low,logistic_regression
308,2025-12-31,0.06766,Low,logistic_regression
309,2025-12-31,0.10736,Low,logistic_regression
311,2025-12-31,0.53591,Medium,logistic_regression
312,2025-12-31,0.29861,Low,logistic_regression
314,2025-12-31,0.30519,Low,logistic_regression
316,2025-12-31,0.33233,Low,logistic_regression
319,2025-12-31,0.08238,Low,logistic_regression
321,2025-12-31,0.46172,Medium,logistic_regression
323,2025-12-31,0.01033,Low,logistic_regression
327,2025-12-31,0.09275,Low,logistic_regression
329,2025-12-31,0.54643,Medium,logistic_regression
330,2025-12-31,0.4431,Low,logistic_regression
332,2025-12-31,0.09298,Low,logistic_regression
333,2025-12-31,0.17529,Low,logistic_regression
334,2025-12-31,0.39254,Low,logistic_regression
335,2025-12-31,0.151,Low,logistic_regression
336,2025-12-31,0.06325,Low,logistic_regression
337,2025-12-31,0.12574,Low,logistic_regression
338,2025-12-31,0.17183,Low,logistic_regression
339,2025-12-31,0.13385,Low,logistic_regression
340,2025-12-31,0.28923,Low,logistic_regression
341,2025-12-31,0.34691,Low,logistic_regression
343,2025-12-31,0.13851,Low,logistic_regression
346,2025-12-31,0.2135,Low,logistic_regression
347,2025-12-31,0.63257,Medium,logistic_regression
349,2025-12-31,0.20539,Low,logistic_regression
350,2025-12-31,0.17432,Low,logistic_regression
351,2025-12-31,0.49685,Medium,logistic_regression
352,2025-12-31,0.0791,Low,logistic_regression
353,2025-12-31,0.28331,Low,logistic_regression
359,2025-12-31,0.79408,High,logistic_regression
361,2025-12-31,0.03823,Low,logistic_regression
362,2025-12-31,0.47387,Medium,logistic_regression
363,2025-12-31,0.18901,Low,logistic_regression
366,2025-12-31,0.65164,Medium,logistic_regression
367,2025-12-31,0.15948,Low,logistic_regression
369,2025-12-31,0.10436,Low,logistic_regression
372,2025-12-31,0.39832,Low,logistic_regression
373,2025-12-31,0.22191,Low,logistic_regression
374,2025-12-31,0.81096,High,logistic_regression
377,2025-12-31,0.09429,Low,logistic_regression
378,2025-12-31,0.13203,Low,logistic_regression
379,2025-12-31,0.24815,Low,logistic_regression
380,2025-12-31,0.05769,Low,logistic_regression
381,2025-12-31,0.11753,Low,logistic_regression
382,2025-12-31,0.71901,High,logistic_regression
384,2025-12-31,0.21944,Low,logistic_regression
385,2025-12-31,0.07464,Low,logistic_regression
386,2025-12-31,0.12886,Low,logistic_regression
387,2025-12-31,0.27908,Low,logistic_regression
388,2025-12-31,0.5611,Medium,logistic_regression
389,2025-12-31,0.47485,Medium,logistic_regression
390,2025-12-31,0.85711,High,logistic_regression
391,2025-12-31,0.16052,Low,logistic_regression
393,2025-12-31,0.08201,Low,logistic_regression
395,2025-12-31,0.10727,Low,logistic_regression
396,2025-12-31,0.61276,Medium,logistic_regression
397,2025-12-31,0.32101,Low,logistic_regression
399,2025-12-31,0.62504,Medium,logistic_regression
403,2025-12-31,0.71281,High,logistic_regression
404,2025-12-31,0.42172,Low,logistic_regression
406,2025-12-31,0.35346,Low,logistic_regression
407,2025-12-31,0.45578,Medium,logistic_regression
408,2025-12-31,0.05574,Low,logistic_regression
410,2025-12-31,0.12074,Low,logistic_regression
411,2025-12-31,0.76548,High,logistic_regression
412,2025-12-31,0.4084,Low,logistic_regression
416,2025-12-31,0.34754,Low,logistic_regression
417,2025-12-31,0.03445,Low,logistic_regression
419,2025-12-31,0.22882,Low,logistic_regression
420,2025-12-31,0.23953,Low,logistic_regression
421,2025-12-31,0.12576,Low,logistic_regression
422,2025-12-31,0.05992,Low,logistic_regression
423,2025-12-31,0.42758,Low,logistic_regression
424,2025-12-31,0.70094,High,logistic_regression
425,2025-12-31,0.74328,High,logistic_regression
426,2025-12-31,0.51656,Medium,logistic_regression
428,2025-12-31,0.0802,Low,logistic_regression
429,2025-12-31,0.57778,Medium,logistic_regression
430,2025-12-31,0.2979,Low,logistic_regression
431,2025-12-31,0.2585,Low,logistic_regression
434,2025-12-31,0.79704,High,logistic_regression
436,2025-12-31,0.67151,Medium,logistic_regression
437,2025-12-31,0.73219,High,logistic_regression
438,2025-12-31,0.07784,Low,logistic_regression
439,2025-12-31,0.30262,Low,logistic_regression
441,2025-12-31,0.07087,Low,logistic_regression
442,2025-12-31,0.08088,Low,logistic_regression
444,2025-12-31,0.11157,Low,logistic_regression
446,2025-12-31,0.61876,Medium,logistic_regression
447,2025-12-31,0.0307,Low,logistic_regression
448,2025-12-31,0.16189,Low,logistic_regression
449,2025-12-31,0.55803,Medium,logistic_regression
450,2025-12-31,0.32363,Low,logistic_regression
451,2025-12-31,0.19996,Low,logistic_regression
452,2025-12-31,0.0585,Low,logistic_regression
453,2025-12-31,0.46188,Medium,logistic_regression
455,2025-12-31,0.505,Medium,logistic_regression
456,2025-12-31,0.07566,Low,logistic_regression
458,2025-12-31,0.28556,Low,logistic_regression
460,2025-12-31,0.03591,Low,logistic_regression
461,2025-12-31,0.12813,Low,logistic_regression
462,2025-12-31,0.44813,Medium,logistic_regression
463,2025-12-31,0.43694,Low,logistic_regression
464,2025-12-31,0.27197,Low,logistic_regression
465,2025-12-31,0.22292,Low,logistic_regression
466,2025-12-31,0.53452,Medium,logistic_regression
467,2025-12-31,0.90307,High,logistic_regression
468,2025-12-31,0.22855,Low,logistic_regression
469,2025-12-31,0.15252,Low,logistic_regression
470,2025-12-31,0.61646,Medium,logistic_regression
471,2025-12-31,0.28825,Low,logistic_regression
473,2025-12-31,0.4379,Low,logistic_regression
474,2025-12-31,0.43241,Low,logistic_regression
475,2025-12-31,0.48713,Medium,logistic_regression
476,2025-12-31,0.19925,Low,logistic_regression
477,2025-12-31,0.34828,Low,logistic_regression
479,2025-12-31,0.13975,Low,logistic_regression
481,2025-12-31,0.35289,Low,logistic_regression
482,2025-12-31,0.06057,Low,logistic_regression
483,2025-12-31,0.50046,Medium,logistic_regression
484,2025-12-31,0.64462,Medium,logistic_regression
486,2025-12-31,0.35748,Low,logistic_regression
487,2025-12-31,0.08903,Low,logistic_regression
491,2025-12-31,0.0683,Low,logistic_regression
493,2025-12-31,0.8159,High,logistic_regression
495,2025-12-31,0.32878,Low,logistic_regression
496,2025-12-31,0.29454,Low,logistic_regression
497,2025-12-31,0.20428,Low,logistic_regression
498,2025-12-31,0.41475,Low,logistic_regression
499,2025-12-31,0.12429,Low,logistic_regression
500,2025-12-31,0.16056,Low,logistic_regression
501,2025-12-31,0.13968,Low,logistic_regression
505,2025-12-31,0.15648,Low,logistic_regression
507,2025-12-31,0.38063,Low,logistic_regression
508,2025-12-31,0.65205,Medium,logistic_regression
511,2025-12-31,0.42032,Low,logistic_regression
513,2025-12-31,0.16722,Low,logistic_regression
515,2025-12-31,0.44082,Low,logistic_regression
516,2025-12-31,0.08365,Low,logistic_regression
517,2025-12-31,0.23373,Low,logistic_regression
518,2025-12-31,0.83548,High,logistic_regression
520,2025-12-31,0.28904,Low,logistic_regression
521,2025-12-31,0.29276,Low,logistic_regression
522,2025-12-31,0.1737,Low,logistic_regression
523,2025-12-31,0.11245,Low,logistic_regression
524,2025-12-31,0.3808,Low,logistic_regression
525,2025-12-31,0.28815,Low,logistic_regression
526,2025-12-31,0.26838,Low,logistic_regression
527,2025-12-31,0.77117,High,logistic_regression
529,2025-12-31,0.38286,Low,logistic_regression
530,2025-12-31,0.31104,Low,logistic_regression
531,2025-12-31,0.45038,Medium,logistic_regression
532,2025-12-31,0.26756,Low,logistic_regression
533,2025-12-31,0.50865,Medium,logistic_regression
534,2025-12-31,0.2723,Low,logistic_regression
536,2025-12-31,0.37281,Low,logistic_regression
543,2025-12-31,0.26115,Low,logistic_regression
544,2025-12-31,0.2671,Low,logistic_regression
546,2025-12-31,0.02482,Low,logistic_regression
547,2025-12-31,0.38347,Low,logistic_regression
548,2025-12-31,0.11151,Low,logistic_regression
550,2025-12-31,0.11049,Low,logistic_regression
551,2025-12-31,0.08279,Low,logistic_regression
556,2025-12-31,0.62266,Medium,logistic_regression
558,2025-12-31,0.05531,Low,logistic_regression
560,2025-12-31,0.35486,Low,logistic_regression
562,2025-12-31,0.17454,Low,logistic_regression
564,2025-12-31,0.05783,Low,logistic_regression
567,2025-12-31,0.35626,Low,logistic_regression
568,2025-12-31,0.24974,Low,logistic_regression
569,2025-12-31,0.22999,Low,logistic_regression
571,2025-12-31,0.19891,Low,logistic_regression
573,2025-12-31,0.48911,Medium,logistic_regression
574,2025-12-31,0.05054,Low,logistic_regression
575,2025-12-31,0.20933,Low,logistic_regression
577,2025-12-31,0.46175,Medium,logistic_regression
578,2025-12-31,0.47743,Medium,logistic_regression
579,2025-12-31,0.07326,Low,logistic_regression
580,2025-12-31,0.43227,Low,logistic_regression
581,2025-12-31,0.04885,Low,logistic_regression
585,2025-12-31,0.66973,Medium,logistic_regression
586,2025-12-31,0.31818,Low,logistic_regression
591,2025-12-31,0.42978,Low,logistic_regression
592,2025-12-31,0.22167,Low,logistic_regression
595,2025-12-31,0.10287,Low,logistic_regression
597,2025-12-31,0.12399,Low,logistic_regression
599,2025-12-31,0.13405,Low,logistic_regression
600,2025-12-31,0.37355,Low,logistic_regression
601,2025-12-31,0.2303,Low,logistic_regression
602,2025-12-31,0.3066,Low,logistic_regression
604,2025-12-31,0.69378,High,logistic_regression
605,2025-12-31,0.63227,Medium,logistic_regression
606,2025-12-31,0.08533,Low,logistic_regression
611,2025-12-31,0.05687,Low,logistic_regression
612,2025-12-31,0.03164,Low,logistic_regression
613,2025-12-31,0.04787,Low,logistic_regression
615,2025-12-31,0.30026,Low,logistic_regression
616,2025-12-31,0.43381,Low,logistic_regression
618,2025-12-31,0.70494,High,logistic_regression
620,2025-12-31,0.46225,Medium,logistic_regression
621,2025-12-31,0.33611,Low,logistic_regression
623,2025-12-31,0.07718,Low,logistic_regression
624,2025-12-31,0.43219,Low,logistic_regression
625,2025-12-31,0.09489,Low,logistic_regression
626,2025-12-31,0.17158,Low,logistic_regression
630,2025-12-31,0.26552,Low,logistic_regression
632,2025-12-31,0.66407,Medium,logistic_regression
634,2025-12-31,0.11264,Low,logistic_regression
635,2025-12-31,0.17426,Low,logistic_regression
638,2025-12-31,0.36931,Low,logistic_regression
639,2025-12-31,0.65766,Medium,logistic_regression
641,2025-12-31,0.50738,Medium,logistic_regression
643,2025-12-31,0.47366,Medium,logistic_regression
644,2025-12-31,0.51996,Medium,logistic_regression
645,2025-12-31,0.5964,Medium,logistic_regression
649,2025-12-31,0.49393,Medium,logistic_regression
652,2025-12-31,0.63675,Medium,logistic_regression
653,2025-12-31,0.12921,Low,logistic_regression
655,2025-12-31,0.21366,Low,logistic_regression
656,2025-12-31,0.61373,Medium,logistic_regression
657,2025-12-31,0.36787,Low,logistic_regression
659,2025-12-31,0.04528,Low,logistic_regression
661,2025-12-31,0.31901,Low,logistic_regression
662,2025-12-31,0.68209,High,logistic_regression
663,2025-12-31,0.47843,Medium,logistic_regression
664,2025-12-31,0.06433,Low,logistic_regression
665,2025-12-31,0.49023,Medium,logistic_regression
666,2025-12-31,0.60845,Medium,logistic_regression
669,2025-12-31,0.81938,High,logistic_regression
671,2025-12-31,0.09059,Low,logistic_regression
675,2025-12-31,0.41735,Low,logistic_regression
677,2025-12-31,0.20484,Low,logistic_regression
679,2025-12-31,0.56584,Medium,logistic_regression
680,2025-12-31,0.22739,Low,logistic_regression
682,2025-12-31,0.20182,Low,logistic_regression
683,2025-12-31,0.20441,Low,logistic_regression
686,2025-12-31,0.62566,Medium,logistic_regression
689,2025-12-31,0.0682,Low,logistic_regression
690,2025-12-31,0.31256,Low,logistic_regression
691,2025-12-31,0.24372,Low,logistic_regression
692,2025-12-31,0.16225,Low,logistic_regression
699,2025-12-31,0.53851,Medium,logistic_regression
700,2025-12-31,0.39729,Low,logistic_regression
704,2025-12-31,0.21208,Low,logistic_regression
705,2025-12-31,0.40115,Low,logistic_regression
707,2025-12-31,0.32961,Low,logistic_regression
709,2025-12-31,0.17844,Low,logistic_regression
710,2025-12-31,0.18247,Low,logistic_regression
712,2025-12-31,0.41248,Low,logistic_regression
714,2025-12-31,0.33197,Low,logistic_regression
715,2025-12-31,0.23963,Low,logistic_regression
716,2025-12-31,0.71647,High,logistic_regression
717,2025-12-31,0.07757,Low,logistic_regression
721,2025-12-31,0.14339,Low,logistic_regression
722,2025-12-31,0.33228,Low,logistic_regression
724,2025-12-31,0.14056,Low,logistic_regression
725,2025-12-31,0.16562,Low,logistic_regression
727,2025-12-31,0.03868,Low,logistic_regression
728,2025-12-31,0.4488,Medium,logistic_regression
729,2025-12-31,0.68793,High,logistic_regression
730,2025-12-31,0.0376,Low,logistic_regression
731,2025-12-31,0.06349,Low,logistic_regression
732,2025-12-31,0.80629,High,logistic_regression
733,2025-12-31,0.17005,Low,logistic_regression
734,2025-12-31,0.06759,Low,logistic_regression
738,2025-12-31,0.44063,Low,logistic_regression
742,2025-12-31,0.0765,Low,logistic_regression
743,2025-12-31,0.50336,Medium,logistic_regression
744,2025-12-31,0.53058,Medium,logistic_regression
746,2025-12-31,0.53864,Medium,logistic_regression
747,2025-12-31,0.19753,Low,logistic_regression
749,2025-12-31,0.81865,High,logistic_regression
754,2025-12-31,0.24154,Low,logistic_regression
757,2025-12-31,0.26956,Low,logistic_regression
758,2025-12-31,0.48305,Medium,logistic_regression
760,2025-12-31,0.30898,Low,logistic_regression
763,2025-12-31,0.47572,Medium,logistic_regression
764,2025-12-31,0.28502,Low,logistic_regression
766,2025-12-31,0.36479,Low,logistic_regression
769,2025-12-31,0.21229,Low,logistic_regression
771,2025-12-31,0.08561,Low,logistic_regression
772,2025-12-31,0.55339,Medium,logistic_regression
773,2025-12-31,0.61338,Medium,logistic_regression
775,2025-12-31,0.44734,Low,logistic_regression
776,2025-12-31,0.30632,Low,logistic_regression
781,2025-12-31,0.47161,Medium,logistic_regression
783,2025-12-31,0.31104,Low,logistic_regression
784,2025-12-31,0.59106,Medium,logistic_regression
786,2025-12-31,0.18674,Low,logistic_regression
789,2025-12-31,0.4552,Medium,logistic_regression
791,2025-12-31,0.04089,Low,logistic_regression
792,2025-12-31,0.43674,Low,logistic_regression
793,2025-12-31,0.27037,Low,logistic_regression
797,2025-12-31,0.22349,Low,logistic_regression
799,2025-12-31,0.32568,Low,logistic_regression
800,2025-12-31,0.27214,Low,logistic_regression
802,2025-12-31,0.49333,Medium,logistic_regression
803,2025-12-31,0.88979,High,logistic_regression
804,2025-12-31,0.37198,Low,logistic_regression
805,2025-12-31,0.57149,Medium,logistic_regression
806,2025-12-31,0.18498,Low,logistic_regression
807,2025-12-31,0.08292,Low,logistic_regression
808,2025-12-31,0.29643,Low,logistic_regression
809,2025-12-31,0.19759,Low,logistic_regression
812,2025-12-31,0.27292,Low,logistic_regression
813,2025-12-31,0.09632,Low,logistic_regression
815,2025-12-31,0.04149,Low,logistic_regression
817,2025-12-31,0.05336,Low,logistic_regression
820,2025-12-31,0.25513,Low,logistic_regression
823,2025-12-31,0.09061,Low,logistic_regression
824,2025-12-31,0.20789,Low,logistic_regression
826,2025-12-31,0.2077,Low,logistic_regression
827,2025-12-31,0.19034,Low,logistic_regression
829,2025-12-31,0.42265,Low,logistic_regression
830,2025-12-31,0.11926,Low,logistic_regression
832,2025-12-31,0.81689,High,logistic_regression
833,2025-12-31,0.75767,High,logistic_regression
834,2025-12-31,0.34654,Low,logistic_regression
836,2025-12-31,0.37834,Low,logistic_regression
837,2025-12-31,0.44801,Low,logistic_regression
838,2025-12-31,0.35381,Low,logistic_regression
843,2025-12-31,0.11344,Low,logistic_regression
844,2025-12-31,0.09782,Low,logistic_regression
845,2025-12-31,0.09894,Low,logistic_regression
846,2025-12-31,0.68079,High,logistic_regression
847,2025-12-31,0.32245,Low,logistic_regression
850,2025-12-31,0.19067,Low,logistic_regression
851,2025-12-31,0.19463,Low,logistic_regression
852,2025-12-31,0.26197,Low,logistic_regression
854,2025-12-31,0.71363,High,logistic_regression
855,2025-12-31,0.3252,Low,logistic_regression
856,2025-12-31,0.59682,Medium,logistic_regression
857,2025-12-31,0.71935,High,logistic_regression
859,2025-12-31,0.26658,Low,logistic_regression
861,2025-12-31,0.27173,Low,logistic_regression
862,2025-12-31,0.45435,Medium,logistic_regression
864,2025-12-31,0.45534,Medium,logistic_regression
865,2025-12-31,0.17161,Low,logistic_regression
867,2025-12-31,0.07799,Low,logistic_regression
868,2025-12-31,0.17105,Low,logistic_regression
869,2025-12-31,0.26148,Low,logistic_regression
872,2025-12-31,0.14789,Low,logistic_regression
874,2025-12-31,0.72276,High,logistic_regression
875,2025-12-31,0.80959,High,logistic_regression
878,2025-12-31,0.66043,Medium,logistic_regression
879,2025-12-31,0.78959,High,logistic_regression
880,2025-12-31,0.23288,Low,logistic_regression
882,2025-12-31,0.09449,Low,logistic_regression
885,2025-12-31,0.41869,Low,logistic_regression
887,2025-12-31,0.15502,Low,logistic_regression
888,2025-12-31,0.29292,Low,logistic_regression
889,2025-12-31,0.56613,Medium,logistic_regression
893,2025-12-31,0.64624,Medium,logistic_regression
894,2025-12-31,0.45077,Medium,logistic_regression
895,2025-12-31,0.29513,Low,logistic_regression
897,2025-12-31,0.30042,Low,logistic_regression
899,2025-12-31,0.15008,Low,logistic_regression
900,2025-12-31,0.52166,Medium,logistic_regression
901,2025-12-31,0.03949,Low,logistic_regression
902,2025-12-31,0.0958,Low,logistic_regression
903,2025-12-31,0.22616,Low,logistic_regression
904,2025-12-31,0.81678,High,logistic_regression
905,2025-12-31,0.21911,Low,logistic_regression
909,2025-12-31,0.09807,Low,logistic_regression
910,2025-12-31,0.58743,Medium,logistic_regression
912,2025-12-31,0.22119,Low,logistic_regression
913,2025-12-31,0.70116,High,logistic_regression
916,2025-12-31,0.5353,Medium,logistic_regression
920,2025-12-31,0.23577,Low,logistic_regression
924,2025-12-31,0.39965,Low,logistic_regression
925,2025-12-31,0.73167,High,logistic_regression
930,2025-12-31,0.11698,Low,logistic_regression
933,2025-12-31,0.43834,Low,logistic_regression
934,2025-12-31,0.5268,Medium,logistic_regression
936,2025-12-31,0.24956,Low,logistic_regression
939,2025-12-31,0.81877,High,logistic_regression
940,2025-12-31,0.15738,Low,logistic_regression
941,2025-12-31,0.45109,Medium,logistic_regression
942,2025-12-31,0.32922,Low,logistic_regression
944,2025-12-31,0.59374,Medium,logistic_regression
945,2025-12-31,0.38417,Low,logistic_regression
947,2025-12-31,0.14012,Low,logistic_regression
949,2025-12-31,0.23798,Low,logistic_regression
950,2025-12-31,0.05163,Low,logistic_regression
951,2025-12-31,0.20476,Low,logistic_regression
954,2025-12-31,0.57501,Medium,logistic_regression
956,2025-12-31,0.69707,High,logistic_regression
957,2025-12-31,0.8665,High,logistic_regression
958,2025-12-31,0.35382,Low,logistic_regression
961,2025-12-31,0.33997,Low,logistic_regression
964,2025-12-31,0.79539,High,logistic_regression
966,2025-12-31,0.12304,Low,logistic_regression
969,2025-12-31,0.15621,Low,logistic_regression
972,2025-12-31,0.21886,Low,logistic_regression
974,2025-12-31,0.52617,Medium,logistic_regression
975,2025-12-31,0.27065,Low,logistic_regression
976,2025-12-31,0.01844,Low,logistic_regression
981,2025-12-31,0.02275,Low,logistic_regression
982,2025-12-31,0.17366,Low,logistic_regression
983,2025-12-31,0.59572,Medium,logistic_regression
984,2025-12-31,0.07568,Low,logistic_regression
985,2025-12-31,0.31939,Low,logistic_regression
987,2025-12-31,0.51358,Medium,logistic_regression
990,2025-12-31,0.12018,Low,logistic_regression
992,2025-12-31,0.07245,Low,logistic_regression
995,2025-12-31,0.28423,Low,logistic_regression
996,2025-12-31,0.04198,Low,logistic_regression
997,2025-12-31,0.01199,Low,logistic_regression
998,2025-12-31,0.49303,Medium,logistic_regression
999,2025-12-31,0.11555,Low,logistic_regression
1001,2025-12-31,0.46352,Medium,logistic_regression
1002,2025-12-31,0.56806,Medium,logistic_regression
1003,2025-12-31,0.32627,Low,logistic_regression
1005,2025-12-31,0.23776,Low,logistic_regression
1006,2025-12-31,0.35619,Low,logistic_regression
1007,2025-12-31,0.03772,Low,logistic_regression
1009,2025-12-31,0.08478,Low,logistic_regression
1011,2025-12-31,0.26635,Low,logistic_regression
1012,2025-12-31,0.51875,Medium,logistic_regression
1013,2025-12-31,0.08167,Low,logistic_regression
1014,2025-12-31,0.38134,Low,logistic_regression
1015,2025-12-31,0.33437,Low,logistic_regression
1018,2025-12-31,0.07012,Low,logistic_regression
1019,2025-12-31,0.68822,High,logistic_regression
1022,2025-12-31,0.46804,Medium,logistic_regression
1024,2025-12-31,0.13077,Low,logistic_regression
1025,2025-12-31,0.13702,Low,logistic_regression
1026,2025-12-31,0.04291,Low,logistic_regression
1027,2025-12-31,0.1237,Low,logistic_regression
1028,2025-12-31,0.29642,Low,logistic_regression
1029,2025-12-31,0.04998,Low,logistic_regression
1030,2025-12-31,0.43033,Low,logistic_regression
1034,2025-12-31,0.46523,Medium,logistic_regression
1035,2025-12-31,0.02465,Low,logistic_regression
1036,2025-12-31,0.91311,High,logistic_regression
1039,2025-12-31,0.31359,Low,logistic_regression
1040,2025-12-31,0.08481,Low,logistic_regression
1043,2025-12-31,0.83955,High,logistic_regression
1044,2025-12-31,0.52532,Medium,logistic_regression
1045,2025-12-31,0.01044,Low,logistic_regression
1046,2025-12-31,0.32126,Low,logistic_regression
1047,2025-12-31,0.23197,Low,logistic_regression
1048,2025-12-31,0.26544,Low,logistic_regression
1049,2025-12-31,0.67908,High,logistic_regression
1050,2025-12-31,0.35285,Low,logistic_regression
1055,2025-12-31,0.7771,High,logistic_regression
1056,2025-12-31,0.62238,Medium,logistic_regression
1060,2025-12-31,0.27449,Low,logistic_regression
1061,2025-12-31,0.26484,Low,logistic_regression
1062,2025-12-31,0.15812,Low,logistic_regression
1066,2025-12-31,0.51144,Medium,logistic_regression
1068,2025-12-31,0.24018,Low,logistic_regression
1069,2025-12-31,0.01542,Low,logistic_regression
1070,2025-12-31,0.11515,Low,logistic_regression
1071,2025-12-31,0.30087,Low,logistic_regression
1073,2025-12-31,0.11431,Low,logistic_regression
1074,2025-12-31,0.0418,Low,logistic_regression
1076,2025-12-31,0.19964,Low,logistic_regression
1080,2025-12-31,0.24683,Low,logistic_regression
1083,2025-12-31,0.52256,Medium,logistic_regression
1084,2025-12-31,0.30552,Low,logistic_regression
1085,2025-12-31,0.16287,Low,logistic_regression
1088,2025-12-31,0.11162,Low,logistic_regression
1092,2025-12-31,0.10717,Low,logistic_regression
1094,2025-12-31,0.20666,Low,logistic_regression
1096,2025-12-31,0.09999,Low,logistic_regression
1097,2025-12-31,0.19573,Low,logistic_regression
1099,2025-12-31,0.03374,Low,logistic_regression
1102,2025-12-31,0.42737,Low,logistic_regression
1103,2025-12-31,0.44004,Low,logistic_regression
1105,2025-12-31,0.34694,Low,logistic_regression
1109,2025-12-31,0.09514,Low,logistic_regression
1114,2025-12-31,0.26556,Low,logistic_regression
1115,2025-12-31,0.15773,Low,logistic_regression
1116,2025-12-31,0.05039,Low,logistic_regression
1117,2025-12-31,0.1394,Low,logistic_regression
1118,2025-12-31,0.14976,Low,logistic_regression
1119,2025-12-31,0.34886,Low,logistic_regression
1120,2025-12-31,0.10755,Low,logistic_regression
1121,2025-12-31,0.04636,Low,logistic_regression
1124,2025-12-31,0.07408,Low,logistic_regression
1125,2025-12-31,0.34795,Low,logistic_regression
1126,2025-12-31,0.37044,Low,logistic_regression
1128,2025-12-31,0.14198,Low,logistic_regression
1131,2025-12-31,0.60241,Medium,logistic_regression
1132,2025-12-31,0.29599,Low,logistic_regression
1133,2025-12-31,0.19965,Low,logistic_regression
1135,2025-12-31,0.72987,High,logistic_regression
1136,2025-12-31,0.50757,Medium,logistic_regression
1137,2025-12-31,0.21048,Low,logistic_regression
1138,2025-12-31,0.10484,Low,logistic_regression
1140,2025-12-31,0.36315,Low,logistic_regression
1143,2025-12-31,0.22632,Low,logistic_regression
1148,2025-12-31,0.62261,Medium,logistic_regression
1150,2025-12-31,0.49025,Medium,logistic_regression
1152,2025-12-31,0.21871,Low,logistic_regression
1154,2025-12-31,0.60877,Medium,logistic_regression
1158,2025-12-31,0.82055,High,logistic_regression
1161,2025-12-31,0.04482,Low,logistic_regression
1162,2025-12-31,0.15145,Low,logistic_regression
1163,2025-12-31,0.32436,Low,logistic_regression
1164,2025-12-31,0.59799,Medium,logistic_regression
1166,2025-12-31,0.27121,Low,logistic_regression
1171,2025-12-31,0.4549,Medium,logistic_regression
1172,2025-12-31,0.15096,Low,logistic_regression
1173,2025-12-31,0.55734,Medium,logistic_regression
1177,2025-12-31,0.33488,Low,logistic_regression
1179,2025-12-31,0.26326,Low,logistic_regression
1180,2025-12-31,0.82956,High,logistic_regression
1182,2025-12-31,0.04129,Low,logistic_regression
1184,2025-12-31,0.34968,Low,logistic_regression
1185,2025-12-31,0.24578,Low,logistic_regression
1190,2025-12-31,0.40222,Low,logistic_regression
1191,2025-12-31,0.02698,Low,logistic_regression
1192,2025-12-31,0.25768,Low,logistic_regression
1193,2025-12-31,0.60086,Medium,logistic_regression
1195,2025-12-31,0.58721,Medium,logistic_regression
1196,2025-12-31,0.06093,Low,logistic_regression
1198,2025-12-31,0.79642,High,logistic_regression
1201,2025-12-31,0.0072,Low,logistic_regression
1202,2025-12-31,0.55089,Medium,logistic_regression
1204,2025-12-31,0.11575,Low,logistic_regression
1206,2025-12-31,0.40039,Low,logistic_regression
1207,2025-12-31,0.44533,Low,logistic_regression
1211,2025-12-31,0.35633,Low,logistic_regression
1212,2025-12-31,0.66217,Medium,logistic_regression
1215,2025-12-31,0.05981,Low,logistic_regression
1216,2025-12-31,0.34483,Low,logistic_regression
1217,2025-12-31,0.0572,Low,logistic_regression
1218,2025-12-31,0.7217,High,logistic_regression
1220,2025-12-31,0.57443,Medium,logistic_regression
1221,2025-12-31,0.19324,Low,logistic_regression
1224,2025-12-31,0.1877,Low,logistic_regression
1225,2025-12-31,0.25872,Low,logistic_regression
1226,2025-12-31,0.76454,High,logistic_regression
1228,2025-12-31,0.05353,Low,logistic_regression
1231,2025-12-31,0.09685,Low,logistic_regression
1233,2025-12-31,0.41463,Low,logistic_regression
1234,2025-12-31,0.59349,Medium,logistic_regression
1235,2025-12-31,0.59978,Medium,logistic_regression
1237,2025-12-31,0.2241,Low,logistic_regression
1238,2025-12-31,0.28451,Low,logistic_regression
1239,2025-12-31,0.19522,Low,logistic_regression
1240,2025-12-31,0.43929,Low,logistic_regression
1241,2025-12-31,0.41177,Low,logistic_regression
1242,2025-12-31,0.7753,High,logistic_regression
1243,2025-12-31,0.35248,Low,logistic_regression
1244,2025-12-31,0.87846,High,logistic_regression
1245,2025-12-31,0.0602,Low,logistic_regression
1246,2025-12-31,0.11028,Low,logistic_regression
1249,2025-12-31,0.12505,Low,logistic_regression
1250,2025-12-31,0.01984,Low,logistic_regression
1251,2025-12-31,0.70112,High,logistic_regression
1252,2025-12-31,0.33141,Low,logistic_regression
1254,2025-12-31,0.1726,Low,logistic_regression
1255,2025-12-31,0.02924,Low,logistic_regression
1256,2025-12-31,0.07265,Low,logistic_regression
1257,2025-12-31,0.47642,Medium,logistic_regression
1258,2025-12-31,0.54176,Medium,logistic_regression
1259,2025-12-31,0.2154,Low,logistic_regression
1260,2025-12-31,0.25204,Low,logistic_regression
1263,2025-12-31,0.0629,Low,logistic_regression
1264,2025-12-31,0.01414,Low,logistic_regression
1265,2025-12-31,0.4203,Low,logistic_regression
1267,2025-12-31,0.14901,Low,logistic_regression
1268,2025-12-31,0.33002,Low,logistic_regression
1269,2025-12-31,0.88389,High,logistic_regression
1270,2025-12-31,0.1702,Low,logistic_regression
1275,2025-12-31,0.68493,High,logistic_regression
1278,2025-12-31,0.37697,Low,logistic_regression
1280,2025-12-31,0.01931,Low,logistic_regression
1281,2025-12-31,0.84819,High,logistic_regression
1282,2025-12-31,0.49736,Medium,logistic_regression
1283,2025-12-31,0.14037,Low,logistic_regression
1285,2025-12-31,0.26633,Low,logistic_regression
1286,2025-12-31,0.86725,High,logistic_regression
1288,2025-12-31,0.12478,Low,logistic_regression
1289,2025-12-31,0.45366,Medium,logistic_regression
1291,2025-12-31,0.5776,Medium,logistic_regression
1292,2025-12-31,0.64767,Medium,logistic_regression
1293,2025-12-31,0.12644,Low,logistic_regression
1294,2025-12-31,0.63214,Medium,logistic_regression
1296,2025-12-31,0.73647,High,logistic_regression
1297,2025-12-31,0.54881,Medium,logistic_regression
1298,2025-12-31,0.29558,Low,logistic_regression
1301,2025-12-31,0.44678,Low,logistic_regression
1303,2025-12-31,0.29539,Low,logistic_regression
1304,2025-12-31,0.15481,Low,logistic_regression
1306,2025-12-31,0.50739,Medium,logistic_regression
1307,2025-12-31,0.25751,Low,logistic_regression
1308,2025-12-31,0.32028,Low,logistic_regression
1311,2025-12-31,0.26647,Low,logistic_regression
1312,2025-12-31,0.04951,Low,logistic_regression
1314,2025-12-31,0.3065,Low,logistic_regression
1315,2025-12-31,0.04173,Low,logistic_regression
1317,2025-12-31,0.41545,Low,logistic_regression
1321,2025-12-31,0.39989,Low,logistic_regression
1322,2025-12-31,0.4168,Low,logistic_regression
1324,2025-12-31,0.19363,Low,logistic_regression
1329,2025-12-31,0.40132,Low,logistic_regression
1334,2025-12-31,0.2821,Low,logistic_regression
1336,2025-12-31,0.02441,Low,logistic_regression
1338,2025-12-31,0.07485,Low,logistic_regression
1340,2025-12-31,0.0978,Low,logistic_regression
1344,2025-12-31,0.0423,Low,logistic_regression
1346,2025-12-31,0.15764,Low,logistic_regression
1349,2025-12-31,0.21716,Low,logistic_regression
1350,2025-12-31,0.74322,High,logistic_regression
1352,2025-12-31,0.52902,Medium,logistic_regression
1355,2025-12-31,0.287,Low,logistic_regression
1356,2025-12-31,0.45767,Medium,logistic_regression
1358,2025-12-31,0.30123,Low,logistic_regression
1361,2025-12-31,0.29038,Low,logistic_regression
1362,2025-12-31,0.70648,High,logistic_regression
1363,2025-12-31,0.10079,Low,logistic_regression
1364,2025-12-31,0.5116,Medium,logistic_regression
1367,2025-12-31,0.10899,Low,logistic_regression
1368,2025-12-31,0.33024,Low,logistic_regression
1369,2025-12-31,0.07404,Low,logistic_regression
1371,2025-12-31,0.32427,Low,logistic_regression
1373,2025-12-31,0.48578,Medium,logistic_regression
1374,2025-12-31,0.11485,Low,logistic_regression
1375,2025-12-31,0.03525,Low,logistic_regression
1377,2025-12-31,0.37816,Low,logistic_regression
1382,2025-12-31,0.11866,Low,logistic_regression
1383,2025-12-31,0.1049,Low,logistic_regression
1387,2025-12-31,0.60214,Medium,logistic_regression
1390,2025-12-31,0.657,Medium,logistic_regression
1391,2025-12-31,0.55629,Medium,logistic_regression
1392,2025-12-31,0.33996,Low,logistic_regression
1394,2025-12-31,0.51731,Medium,logistic_regression
1395,2025-12-31,0.29257,Low,logistic_regression
1396,2025-12-31,0.75054,High,logistic_regression
1397,2025-12-31,0.04235,Low,logistic_regression
1399,2025-12-31,0.75897,High,logistic_regression
1401,2025-12-31,0.45696,Medium,logistic_regression
1402,2025-12-31,0.89254,High,logistic_regression
1403,2025-12-31,0.49857,Medium,logistic_regression
1407,2025-12-31,0.49373,Medium,logistic_regression
1408,2025-12-31,0.12639,Low,logistic_regression
1409,2025-12-31,0.4492,Medium,logistic_regression
1411,2025-12-31,0.57598,Medium,logistic_regression
1412,2025-12-31,0.34613,Low,logistic_regression
1415,2025-12-31,0.53625,Medium,logistic_regression
1417,2025-12-31,0.70694,High,logistic_regression
1419,2025-12-31,0.73373,High,logistic_regression
1422,2025-12-31,0.04434,Low,logistic_regression
1423,2025-12-31,0.10289,Low,logistic_regression
1424,2025-12-31,0.01438,Low,logistic_regression
1425,2025-12-31,0.82065,High,logistic_regression
1428,2025-12-31,0.19952,Low,logistic_regression
1430,2025-12-31,0.20334,Low,logistic_regression
1431,2025-12-31,0.23731,Low,logistic_regression
1434,2025-12-31,0.56206,Medium,logistic_regression
1435,2025-12-31,0.46544,Medium,logistic_regression
1436,2025-12-31,0.46141,Medium,logistic_regression
1438,2025-12-31,0.22373,Low,logistic_regression
1440,2025-12-31,0.39722,Low,logistic_regression
1441,2025-12-31,0.19672,Low,logistic_regression
1443,2025-12-31,0.04399,Low,logistic_regression
1445,2025-12-31,0.44961,Medium,logistic_regression
1446,2025-12-31,0.20584,Low,logistic_regression
1447,2025-12-31,0.23049,Low,logistic_regression
1448,2025-12-31,0.6987,High,logistic_regression
1449,2025-12-31,0.06782,Low,logistic_regression
1453,2025-12-31,0.20518,Low,logistic_regression
1460,2025-12-31,0.44053,Low,logistic_regression
1461,2025-12-31,0.4194,Low,logistic_regression
1465,2025-12-31,0.39803,Low,logistic_regression
1466,2025-12-31,0.28371,Low,logistic_regression
1468,2025-12-31,0.02038,Low,logistic_regression
1469,2025-12-31,0.4499,Medium,logistic_regression
1471,2025-12-31,0.23608,Low,logistic_regression
1472,2025-12-31,0.08958,Low,logistic_regression
1473,2025-12-31,0.28262,Low,logistic_regression
1474,2025-12-31,0.07326,Low,logistic_regression
1475,2025-12-31,0.40407,Low,logistic_regression
1477,2025-12-31,0.4003,Low,logistic_regression
1478,2025-12-31,0.40712,Low,logistic_regression
1479,2025-12-31,0.34904,Low,logistic_regression
1480,2025-12-31,0.57609,Medium,logistic_regression
1481,2025-12-31,0.54742,Medium,logistic_regression
1482,2025-12-31,0.18493,Low,logistic_regression
1483,2025-12-31,0.09893,Low,logistic_regression
1484,2025-12-31,0.04469,Low,logistic_regression
1485,2025-12-31,0.27453,Low,logistic_regression
1492,2025-12-31,0.53685,Medium,logistic_regression
1495,2025-12-31,0.45615,Medium,logistic_regression
1496,2025-12-31,0.82743,High,logistic_regression
1497,2025-12-31,0.22483,Low,logistic_regression
1499,2025-12-31,0.17074,Low,logistic_regression
1501,2025-12-31,0.21057,Low,logistic_regression
1502,2025-12-31,0.48341,Medium,logistic_regression
1503,2025-12-31,0.51167,Medium,logistic_regression
1506,2025-12-31,0.57892,Medium,logistic_regression
1507,2025-12-31,0.75413,High,logistic_regression
1509,2025-12-31,0.18775,Low,logistic_regression
1513,2025-12-31,0.33002,Low,logistic_regression
1514,2025-12-31,0.3069,Low,logistic_regression
1515,2025-12-31,0.74865,High,logistic_regression
1516,2025-12-31,0.06588,Low,logistic_regression
1520,2025-12-31,0.03622,Low,logistic_regression
1523,2025-12-31,0.13463,Low,logistic_regression
1525,2025-12-31,0.27488,Low,logistic_regression
1527,2025-12-31,0.02771,Low,logistic_regression
1529,2025-12-31,0.17471,Low,logistic_regression
1533,2025-12-31,0.71118,High,logistic_regression
1535,2025-12-31,0.49875,Medium,logistic_regression
1539,2025-12-31,0.82631,High,logistic_regression
1541,2025-12-31,0.75844,High,logistic_regression
1542,2025-12-31,0.45912,Medium,logistic_regression
1543,2025-12-31,0.23965,Low,logistic_regression
1544,2025-12-31,0.14145,Low,logistic_regression
1545,2025-12-31,0.34948,Low,logistic_regression
1546,2025-12-31,0.10176,Low,logistic_regression
1547,2025-12-31,0.4635,Medium,logistic_regression
1548,2025-12-31,0.46837,Medium,logistic_regression
1549,2025-12-31,0.86165,High,logistic_regression
1550,2025-12-31,0.36343,Low,logistic_regression
1551,2025-12-31,0.53937,Medium,logistic_regression
1552,2025-12-31,0.11785,Low,logistic_regression
1553,2025-12-31,0.08891,Low,logistic_regression
1554,2025-12-31,0.49315,Medium,logistic_regression
1555,2025-12-31,0.10012,Low,logistic_regression
1556,2025-12-31,0.87182,High,logistic_regression
1557,2025-12-31,0.12502,Low,logistic_regression
1558,2025-12-31,0.3134,Low,logistic_regression
1560,2025-12-31,0.79924,High,logistic_regression
1563,2025-12-31,0.43985,Low,logistic_regression
1564,2025-12-31,0.44932,Medium,logistic_regression
1568,2025-12-31,0.52473,Medium,logistic_regression
1574,2025-12-31,0.14728,Low,logistic_regression
1576,2025-12-31,0.24811,Low,logistic_regression
1577,2025-12-31,0.75002,High,logistic_regression
1578,2025-12-31,0.25811,Low,logistic_regression
1580,2025-12-31,0.17003,Low,logistic_regression
1581,2025-12-31,0.32174,Low,logistic_regression
1582,2025-12-31,0.32527,Low,logistic_regression
1583,2025-12-31,0.51176,Medium,logistic_regression
1585,2025-12-31,0.51676,Medium,logistic_regression
1586,2025-12-31,0.89941,High,logistic_regression
1587,2025-12-31,0.69061,High,logistic_regression
1588,2025-12-31,0.12233,Low,logistic_regression
1590,2025-12-31,0.10262,Low,logistic_regression
1591,2025-12-31,0.2426,Low,logistic_regression
1592,2025-12-31,0.16915,Low,logistic_regression
1594,2025-12-31,0.92242,High,logistic_regression
1595,2025-12-31,0.0708,Low,logistic_regression
1596,2025-12-31,0.44691,Low,logistic_regression
1597,2025-12-31,0.17966,Low,logistic_regression
1598,2025-12-31,0.19718,Low,logistic_regression
1599,2025-12-31,0.26193,Low,logistic_regression
1601,2025-12-31,0.31498,Low,logistic_regression
1602,2025-12-31,0.31461,Low,logistic_regression
1605,2025-12-31,0.71992,High,logistic_regression
1606,2025-12-31,0.85199,High,logistic_regression
1607,2025-12-31,0.13793,Low,logistic_regression
1608,2025-12-31,0.25331,Low,logistic_regression
1609,2025-12-31,0.34866,Low,logistic_regression
1611,2025-12-31,0.71342,High,logistic_regression
1612,2025-12-31,0.42457,Low,logistic_regression
1613,2025-12-31,0.58851,Medium,logistic_regression
1614,2025-12-31,0.36571,Low,logistic_regression
1615,2025-12-31,0.12154,Low,logistic_regression
1617,2025-12-31,0.4431,Low,logistic_regression
1618,2025-12-31,0.18396,Low,logistic_regression
1619,2025-12-31,0.40015,Low,logistic_regression
1621,2025-12-31,0.46177,Medium,logistic_regression
1622,2025-12-31,0.31094,Low,logistic_regression
1623,2025-12-31,0.30891,Low,logistic_regression
1625,2025-12-31,0.0358,Low,logistic_regression
1627,2025-12-31,0.13397,Low,logistic_regression
1628,2025-12-31,0.2474,Low,logistic_regression
1630,2025-12-31,0.06875,Low,logistic_regression
1631,2025-12-31,0.14692,Low,logistic_regression
1633,2025-12-31,0.54936,Medium,logistic_regression
1635,2025-12-31,0.01642,Low,logistic_regression
1638,2025-12-31,0.09873,Low,logistic_regression
1640,2025-12-31,0.40828,Low,logistic_regression
1641,2025-12-31,0.60018,Medium,logistic_regression
1642,2025-12-31,0.79024,High,logistic_regression
1644,2025-12-31,0.03192,Low,logistic_regression
1646,2025-12-31,0.79949,High,logistic_regression
1647,2025-12-31,0.27798,Low,logistic_regression
1648,2025-12-31,0.4249,Low,logistic_regression
1650,2025-12-31,0.51047,Medium,logistic_regression
1651,2025-12-31,0.14077,Low,logistic_regression
1653,2025-12-31,0.07609,Low,logistic_regression
1654,2025-12-31,0.12252,Low,logistic_regression
1655,2025-12-31,0.09578,Low,logistic_regression
1656,2025-12-31,0.03006,Low,logistic_regression
1657,2025-12-31,0.62856,Medium,logistic_regression
1658,2025-12-31,0.06088,Low,logistic_regression
1659,2025-12-31,0.7304,High,logistic_regression
1661,2025-12-31,0.16229,Low,logistic_regression
1662,2025-12-31,0.03505,Low,logistic_regression
1664,2025-12-31,0.06365,Low,logistic_regression
1665,2025-12-31,0.03509,Low,logistic_regression
1666,2025-12-31,0.04445,Low,logistic_regression
1668,2025-12-31,0.07514,Low,logistic_regression
1669,2025-12-31,0.82536,High,logistic_regression
1670,2025-12-31,0.06403,Low,logistic_regression
1671,2025-12-31,0.11788,Low,logistic_regression
1673,2025-12-31,0.2378,Low,logistic_regression
1674,2025-12-31,0.67733,High,logistic_regression
1675,2025-12-31,0.38701,Low,logistic_regression
1676,2025-12-31,0.02624,Low,logistic_regression
1677,2025-12-31,0.05269,Low,logistic_regression
1678,2025-12-31,0.72528,High,logistic_regression
1680,2025-12-31,0.82374,High,logistic_regression
1681,2025-12-31,0.20033,Low,logistic_regression
1682,2025-12-31,0.32942,Low,logistic_regression
1683,2025-12-31,0.3659,Low,logistic_regression
1687,2025-12-31,0.28379,Low,logistic_regression
1689,2025-12-31,0.12914,Low,logistic_regression
1693,2025-12-31,0.20675,Low,logistic_regression
1694,2025-12-31,0.41575,Low,logistic_regression
1696,2025-12-31,0.19363,Low,logistic_regression
1697,2025-12-31,0.04388,Low,logistic_regression
1698,2025-12-31,0.40901,Low,logistic_regression
1700,2025-12-31,0.17383,Low,logistic_regression
1701,2025-12-31,0.2768,Low,logistic_regression
1703,2025-12-31,0.11864,Low,logistic_regression
1704,2025-12-31,0.75448,High,logistic_regression
1706,2025-12-31,0.28276,Low,logistic_regression
1707,2025-12-31,0.16378,Low,logistic_regression
1708,2025-12-31,0.2079,Low,logistic_regression
1709,2025-12-31,0.17164,Low,logistic_regression
1710,2025-12-31,0.37092,Low,logistic_regression
1712,2025-12-31,0.06535,Low,logistic_regression
1718,2025-12-31,0.16086,Low,logistic_regression
1719,2025-12-31,0.19923,Low,logistic_regression
1720,2025-12-31,0.62073,Medium,logistic_regression
1721,2025-12-31,0.26939,Low,logistic_regression
1722,2025-12-31,0.16511,Low,logistic_regression
1724,2025-12-31,0.64645,Medium,logistic_regression
1725,2025-12-31,0.43516,Low,logistic_regression
1727,2025-12-31,0.27048,Low,logistic_regression
1728,2025-12-31,0.12139,Low,logistic_regression
1729,2025-12-31,0.28256,Low,logistic_regression
1731,2025-12-31,0.37139,Low,logistic_regression
1732,2025-12-31,0.4573,Medium,logistic_regression
1735,2025-12-31,0.66221,Medium,logistic_regression
1736,2025-12-31,0.30231,Low,logistic_regression
1737,2025-12-31,0.21213,Low,logistic_regression
1739,2025-12-31,0.41333,Low,logistic_regression
1740,2025-12-31,0.39354,Low,logistic_regression
1744,2025-12-31,0.05742,Low,logistic_regression
1745,2025-12-31,0.31179,Low,logistic_regression
1746,2025-12-31,0.73026,High,logistic_regression
1749,2025-12-31,0.32175,Low,logistic_regression
1751,2025-12-31,0.34271,Low,logistic_regression
1753,2025-12-31,0.59413,Medium,logistic_regression
1754,2025-12-31,0.41018,Low,logistic_regression
1755,2025-12-31,0.29431,Low,logistic_regression
1756,2025-12-31,0.19729,Low,logistic_regression
1757,2025-12-31,0.12804,Low,logistic_regression
1760,2025-12-31,0.41528,Low,logistic_regression
1762,2025-12-31,0.27557,Low,logistic_regression
1763,2025-12-31,0.12741,Low,logistic_regression
1764,2025-12-31,0.31486,Low,logistic_regression
1766,2025-12-31,0.61553,Medium,logistic_regression
1768,2025-12-31,0.28457,Low,logistic_regression
1770,2025-12-31,0.09006,Low,logistic_regression
1771,2025-12-31,0.07606,Low,logistic_regression
1772,2025-12-31,0.28827,Low,logistic_regression
1774,2025-12-31,0.33982,Low,logistic_regression
1775,2025-12-31,0.19256,Low,logistic_regression
1778,2025-12-31,0.4364,Low,logistic_regression
1779,2025-12-31,0.23178,Low,logistic_regression
1782,2025-12-31,0.16459,Low,logistic_regression
1784,2025-12-31,0.37007,Low,logistic_regression
1786,2025-12-31,0.12353,Low,logistic_regression
1787,2025-12-31,0.3105,Low,logistic_regression
1789,2025-12-31,0.10484,Low,logistic_regression
1790,2025-12-31,0.38279,Low,logistic_regression
1794,2025-12-31,0.37089,Low,logistic_regression
1798,2025-12-31,0.16643,Low,logistic_regression
1799,2025-12-31,0.12429,Low,logistic_regression
1800,2025-12-31,0.09128,Low,logistic_regression
1801,2025-12-31,0.49806,Medium,logistic_regression
1802,2025-12-31,0.28304,Low,logistic_regression
1803,2025-12-31,0.66979,Medium,logistic_regression
1804,2025-12-31,0.03666,Low,logistic_regression
1805,2025-12-31,0.23899,Low,logistic_regression
1812,2025-12-31,0.29621,Low,logistic_regression
1813,2025-12-31,0.41703,Low,logistic_regression
1814,2025-12-31,0.48923,Medium,logistic_regression
1815,2025-12-31,0.37707,Low,logistic_regression
1816,2025-12-31,0.28257,Low,logistic_regression
1822,2025-12-31,0.02409,Low,logistic_regression
1823,2025-12-31,0.22894,Low,logistic_regression
1824,2025-12-31,0.03421,Low,logistic_regression
1826,2025-12-31,0.34427,Low,logistic_regression
1827,2025-12-31,0.41383,Low,logistic_regression
1829,2025-12-31,0.13846,Low,logistic_regression
1830,2025-12-31,0.02889,Low,logistic_regression
1833,2025-12-31,0.63929,Medium,logistic_regression
1834,2025-12-31,0.22703,Low,logistic_regression
1835,2025-12-31,0.55507,Medium,logistic_regression
1836,2025-12-31,0.39693,Low,logistic_regression
1837,2025-12-31,0.618,Medium,logistic_regression
1839,2025-12-31,0.82274,High,logistic_regression
1845,2025-12-31,0.02935,Low,logistic_regression
1847,2025-12-31,0.31276,Low,logistic_regression
1849,2025-12-31,0.30352,Low,logistic_regression
1850,2025-12-31,0.80271,High,logistic_regression
1852,2025-12-31,0.36627,Low,logistic_regression
1853,2025-12-31,0.62264,Medium,logistic_regression
1854,2025-12-31,0.07733,Low,logistic_regression
1856,2025-12-31,0.48859,Medium,logistic_regression
1857,2025-12-31,0.03416,Low,logistic_regression
1858,2025-12-31,0.11019,Low,logistic_regression
1859,2025-12-31,0.07627,Low,logistic_regression
1860,2025-12-31,0.62728,Medium,logistic_regression
1863,2025-12-31,0.34203,Low,logistic_regression
1864,2025-12-31,0.47399,Medium,logistic_regression
1865,2025-12-31,0.58698,Medium,logistic_regression
1866,2025-12-31,0.11315,Low,logistic_regression
1867,2025-12-31,0.11936,Low,logistic_regression
1870,2025-12-31,0.34347,Low,logistic_regression
1871,2025-12-31,0.10396,Low,logistic_regression
1873,2025-12-31,0.06663,Low,logistic_regression
1875,2025-12-31,0.62803,Medium,logistic_regression
1880,2025-12-31,0.70234,High,logistic_regression
1881,2025-12-31,0.36483,Low,logistic_regression
1882,2025-12-31,0.38985,Low,logistic_regression
1883,2025-12-31,0.55137,Medium,logistic_regression
1885,2025-12-31,0.46767,Medium,logistic_regression
1886,2025-12-31,0.4807,Medium,logistic_regression
1888,2025-12-31,0.15415,Low,logistic_regression
1890,2025-12-31,0.6067,Medium,logistic_regression
1892,2025-12-31,0.18671,Low,logistic_regression
1893,2025-12-31,0.7458,High,logistic_regression
1898,2025-12-31,0.53631,Medium,logistic_regression
1900,2025-12-31,0.06117,Low,logistic_regression
1903,2025-12-31,0.26421,Low,logistic_regression
1908,2025-12-31,0.52102,Medium,logistic_regression
1909,2025-12-31,0.16508,Low,logistic_regression
1911,2025-12-31,0.07282,Low,logistic_regression
1912,2025-12-31,0.41571,Low,logistic_regression
1915,2025-12-31,0.4805,Medium,logistic_regression
1916,2025-12-31,0.46867,Medium,logistic_regression
1918,2025-12-31,0.28478,Low,logistic_regression
1922,2025-12-31,0.39495,Low,logistic_regression
1924,2025-12-31,0.55013,Medium,logistic_regression
1927,2025-12-31,0.67377,Medium,logistic_regression
1929,2025-12-31,0.22728,Low,logistic_regression
1931,2025-12-31,0.38426,Low,logistic_regression
1932,2025-12-31,0.64907,Medium,logistic_regression
1934,2025-12-31,0.05557,Low,logistic_regression
1935,2025-12-31,0.33822,Low,logistic_regression
1936,2025-12-31,0.23682,Low,logistic_regression
1937,2025-12-31,0.55757,Medium,logistic_regression
1938,2025-12-31,0.29915,Low,logistic_regression
1940,2025-12-31,0.06191,Low,logistic_regression
1941,2025-12-31,0.06811,Low,logistic_regression
1943,2025-12-31,0.709,High,logistic_regression
1945,2025-12-31,0.70238,High,logistic_regression
1947,2025-12-31,0.36597,Low,logistic_regression
1948,2025-12-31,0.41588,Low,logistic_regression
1949,2025-12-31,0.37799,Low,logistic_regression
1950,2025-12-31,0.46423,Medium,logistic_regression
1951,2025-12-31,0.13193,Low,logistic_regression
1952,2025-12-31,0.65665,Medium,logistic_regression
1954,2025-12-31,0.41326,Low,logistic_regression
1955,2025-12-31,0.02603,Low,logistic_regression
1956,2025-12-31,0.24619,Low,logistic_regression
1961,2025-12-31,0.94032,High,logistic_regression
1962,2025-12-31,0.53521,Medium,logistic_regression
1965,2025-12-31,0.26077,Low,logistic_regression
1966,2025-12-31,0.13636,Low,logistic_regression
1969,2025-12-31,0.20731,Low,logistic_regression
1970,2025-12-31,0.06057,Low,logistic_regression
1971,2025-12-31,0.12346,Low,logistic_regression
1972,2025-12-31,0.78644,High,logistic_regression
1973,2025-12-31,0.29237,Low,logistic_regression
1974,2025-12-31,0.46433,Medium,logistic_regression
1975,2025-12-31,0.71271,High,logistic_regression
1976,2025-12-31,0.24146,Low,logistic_regression
1979,2025-12-31,0.01445,Low,logistic_regression
1980,2025-12-31,0.56093,Medium,logistic_regression
1981,2025-12-31,0.35292,Low,logistic_regression
1982,2025-12-31,0.25425,Low,logistic_regression
1985,2025-12-31,0.14984,Low,logistic_regression
1986,2025-12-31,0.21995,Low,logistic_regression
1987,2025-12-31,0.46907,Medium,logistic_regression
1989,2025-12-31,0.31919,Low,logistic_regression
1992,2025-12-31,0.54885,Medium,logistic_regression
1993,2025-12-31,0.37785,Low,logistic_regression
1994,2025-12-31,0.23355,Low,logistic_regression
1995,2025-12-31,0.17171,Low,logistic_regression
1996,2025-12-31,0.66822,Medium,logistic_regression
1997,2025-12-31,0.32981,Low,logistic_regression
1998,2025-12-31,0.49072,Medium,logistic_regression
1999,2025-12-31,0.07222,Low,logistic_regression
2000,2025-12-31,0.03264,Low,logistic_regression
2003,2025-12-31,0.67502,Medium,logistic_regression
2007,2025-12-31,0.27644,Low,logistic_regression
2008,2025-12-31,0.24451,Low,logistic_regression
2009,2025-12-31,0.36326,Low,logistic_regression
2010,2025-12-31,0.64434,Medium,logistic_regression
2012,2025-12-31,0.42698,Low,logistic_regression
2013,2025-12-31,0.60744,Medium,logistic_regression
2014,2025-12-31,0.5146,Medium,logistic_regression
2015,2025-12-31,0.08726,Low,logistic_regression
2016,2025-12-31,0.08242,Low,logistic_regression
2017,2025-12-31,0.12647,Low,logistic_regression
2018,2025-12-31,0.69542,High,logistic_regression
2019,2025-12-31,0.38297,Low,logistic_regression
2020,2025-12-31,0.63409,Medium,logistic_regression
2021,2025-12-31,0.96418,High,logistic_regression
2022,2025-12-31,0.04658,Low,logistic_regression
2024,2025-12-31,0.14334,Low,logistic_regression
2025,2025-12-31,0.07283,Low,logistic_regression
2026,2025-12-31,0.02222,Low,logistic_regression
2031,2025-12-31,0.26246,Low,logistic_regression
2034,2025-12-31,0.27906,Low,logistic_regression
2035,2025-12-31,0.16972,Low,logistic_regression
2036,2025-12-31,0.10246,Low,logistic_regression
2037,2025-12-31,0.18184,Low,logistic_regression
2038,2025-12-31,0.37207,Low,logistic_regression
2040,2025-12-31,0.64925,Medium,logistic_regression
2041,2025-12-31,0.26017,Low,logistic_regression
2045,2025-12-31,0.32459,Low,logistic_regression
2046,2025-12-31,0.23443,Low,logistic_regression
2048,2025-12-31,0.3225,Low,logistic_regression
2049,2025-12-31,0.52932,Medium,logistic_regression
2051,2025-12-31,0.05459,Low,logistic_regression
2052,2025-12-31,0.08997,Low,logistic_regression
2053,2025-12-31,0.68012,High,logistic_regression
2054,2025-12-31,0.57881,Medium,logistic_regression
2056,2025-12-31,0.40358,Low,logistic_regression
2057,2025-12-31,0.21019,Low,logistic_regression
2060,2025-12-31,0.41607,Low,logistic_regression
2061,2025-12-31,0.36193,Low,logistic_regression
2062,2025-12-31,0.06899,Low,logistic_regression
2064,2025-12-31,0.55696,Medium,logistic_regression
2065,2025-12-31,0.36016,Low,logistic_regression
2068,2025-12-31,0.31513,Low,logistic_regression
131,2025-12-31,0.74501,High,logistic_regression
549,2025-12-31,0.60454,Medium,logistic_regression
698,2025-12-31,0.14771,Low,logistic_regression
762,2025-12-31,0.10134,Low,logistic_regression
1032,2025-12-31,0.23981,Low,logistic_regression
2,2025-12-31,0.10459,Low,random_forest
5,2025-12-31,0.33372,High,random_forest
7,2025-12-31,0.24518,Medium,random_forest
8,2025-12-31,0.14906,Low,random_forest
10,2025-12-31,0.29002,High,random_forest
11,2025-12-31,0.27324,Medium,random_forest
12,2025-12-31,0.11974,Low,random_forest
13,2025-12-31,0.03438,Low,random_forest
14,2025-12-31,0.14997,Low,random_forest
15,2025-12-31,0.26168,Medium,random_forest
16,2025-12-31,0.04011,Low,random_forest
18,2025-12-31,0.20308,Medium,random_forest
20,2025-12-31,0.1377,Low,random_forest
21,2025-12-31,0.26208,Medium,random_forest
22,2025-12-31,0.39829,High,random_forest
23,2025-12-31,0.09281,Low,random_forest
24,2025-12-31,0.26362,Medium,random_forest
26,2025-12-31,0.12151,Low,random_forest
28,2025-12-31,0.05973,Low,random_forest
30,2025-12-31,0.41111,High,random_forest
32,2025-12-31,0.02294,Low,random_forest
35,2025-12-31,0.05553,Low,random_forest
36,2025-12-31,0.16788,Low,random_forest
38,2025-12-31,0.0627,Low,random_forest
39,2025-12-31,0.33689,High,random_forest
40,2025-12-31,0.09414,Low,random_forest
41,2025-12-31,0.16332,Low,random_forest
46,2025-12-31,0.06782,Low,random_forest
49,2025-12-31,0.29436,High,random_forest
51,2025-12-31,0.27431,Medium,random_forest
52,2025-12-31,0.05234,Low,random_forest
53,2025-12-31,0.20885,Medium,random_forest
54,2025-12-31,0.29618,High,random_forest
56,2025-12-31,0.18789,Medium,random_forest
57,2025-12-31,0.16646,Low,random_forest
60,2025-12-31,0.1457,Low,random_forest
61,2025-12-31,0.1916,Medium,random_forest
62,2025-12-31,0.36899,High,random_forest
63,2025-12-31,0.20596,Medium,random_forest
68,2025-12-31,0.1419,Low,random_forest
70,2025-12-31,0.09738,Low,random_forest
72,2025-12-31,0.34728,High,random_forest
73,2025-12-31,0.23489,Medium,random_forest
74,2025-12-31,0.15395,Low,random_forest
75,2025-12-31,0.27167,Medium,random_forest
76,2025-12-31,0.15202,Low,random_forest
77,2025-12-31,0.02378,Low,random_forest
78,2025-12-31,0.09361,Low,random_forest
79,2025-12-31,0.14313,Low,random_forest
80,2025-12-31,0.07812,Low,random_forest
81,2025-12-31,0.25518,Medium,random_forest
83,2025-12-31,0.07473,Low,random_forest
84,2025-12-31,0.07401,Low,random_forest
85,2025-12-31,0.07973,Low,random_forest
86,2025-12-31,0.17337,Low,random_forest
88,2025-12-31,0.16328,Low,random_forest
91,2025-12-31,0.29499,High,random_forest
94,2025-12-31,0.04269,Low,random_forest
95,2025-12-31,0.35845,High,random_forest
96,2025-12-31,0.12735,Low,random_forest
97,2025-12-31,0.13421,Low,random_forest
98,2025-12-31,0.07121,Low,random_forest
100,2025-12-31,0.10516,Low,random_forest
101,2025-12-31,0.18096,Medium,random_forest
102,2025-12-31,0.02877,Low,random_forest
103,2025-12-31,0.11309,Low,random_forest
104,2025-12-31,0.1508,Low,random_forest
105,2025-12-31,0.08899,Low,random_forest
106,2025-12-31,0.24531,Medium,random_forest
107,2025-12-31,0.10418,Low,random_forest
110,2025-12-31,0.09214,Low,random_forest
112,2025-12-31,0.08563,Low,random_forest
113,2025-12-31,0.34755,High,random_forest
116,2025-12-31,0.10455,Low,random_forest
117,2025-12-31,0.03729,Low,random_forest
119,2025-12-31,0.13337,Low,random_forest
120,2025-12-31,0.45918,High,random_forest
121,2025-12-31,0.08702,Low,random_forest
124,2025-12-31,0.07542,Low,random_forest
125,2025-12-31,0.08649,Low,random_forest
126,2025-12-31,0.05534,Low,random_forest
128,2025-12-31,0.11201,Low,random_forest
129,2025-12-31,0.0773,Low,random_forest
132,2025-12-31,0.14187,Low,random_forest
134,2025-12-31,0.31749,High,random_forest
138,2025-12-31,0.15246,Low,random_forest
139,2025-12-31,0.12655,Low,random_forest
140,2025-12-31,0.06169,Low,random_forest
141,2025-12-31,0.16426,Low,random_forest
143,2025-12-31,0.0954,Low,random_forest
144,2025-12-31,0.39738,High,random_forest
145,2025-12-31,0.13337,Low,random_forest
148,2025-12-31,0.1433,Low,random_forest
150,2025-12-31,0.07703,Low,random_forest
151,2025-12-31,0.11595,Low,random_forest
152,2025-12-31,0.07478,Low,random_forest
153,2025-12-31,0.07976,Low,random_forest
154,2025-12-31,0.08734,Low,random_forest
155,2025-12-31,0.20271,Medium,random_forest
158,2025-12-31,0.0826,Low,random_forest
159,2025-12-31,0.1396,Low,random_forest
160,2025-12-31,0.05726,Low,random_forest
162,2025-12-31,0.13291,Low,random_forest
164,2025-12-31,0.15947,Low,random_forest
169,2025-12-31,0.11541,Low,random_forest
170,2025-12-31,0.11674,Low,random_forest
171,2025-12-31,0.25897,Medium,random_forest
174,2025-12-31,0.22147,Medium,random_forest
176,2025-12-31,0.0951,Low,random_forest
177,2025-12-31,0.12367,Low,random_forest
178,2025-12-31,0.03567,Low,random_forest
182,2025-12-31,0.0197,Low,random_forest
183,2025-12-31,0.39465,High,random_forest
184,2025-12-31,0.14966,Low,random_forest
192,2025-12-31,0.10872,Low,random_forest
193,2025-12-31,0.13224,Low,random_forest
194,2025-12-31,0.264,Medium,random_forest
195,2025-12-31,0.03667,Low,random_forest
197,2025-12-31,0.06557,Low,random_forest
198,2025-12-31,0.20684,Medium,random_forest
199,2025-12-31,0.02724,Low,random_forest
200,2025-12-31,0.09828,Low,random_forest
201,2025-12-31,0.59741,High,random_forest
202,2025-12-31,0.08126,Low,random_forest
204,2025-12-31,0.08593,Low,random_forest
205,2025-12-31,0.26021,Medium,random_forest
206,2025-12-31,0.18166,Medium,random_forest
207,2025-12-31,0.14125,Low,random_forest
208,2025-12-31,0.05251,Low,random_forest
211,2025-12-31,0.09789,Low,random_forest
214,2025-12-31,0.28251,Medium,random_forest
215,2025-12-31,0.18885,Medium,random_forest
216,2025-12-31,0.20385,Medium,random_forest
217,2025-12-31,0.1516,Low,random_forest
218,2025-12-31,0.25677,Medium,random_forest
221,2025-12-31,0.106,Low,random_forest
223,2025-12-31,0.12746,Low,random_forest
224,2025-12-31,0.46332,High,random_forest
226,2025-12-31,0.11263,Low,random_forest
227,2025-12-31,0.1304,Low,random_forest
228,2025-12-31,0.18732,Medium,random_forest
230,2025-12-31,0.15186,Low,random_forest
231,2025-12-31,0.14808,Low,random_forest
233,2025-12-31,0.19547,Medium,random_forest
238,2025-12-31,0.19557,Medium,random_forest
239,2025-12-31,0.06475,Low,random_forest
240,2025-12-31,0.1099,Low,random_forest
241,2025-12-31,0.18771,Medium,random_forest
242,2025-12-31,0.13896,Low,random_forest
244,2025-12-31,0.24907,Medium,random_forest
245,2025-12-31,0.20265,Medium,random_forest
246,2025-12-31,0.18358,Medium,random_forest
247,2025-12-31,0.20909,Medium,random_forest
249,2025-12-31,0.0703,Low,random_forest
250,2025-12-31,0.11037,Low,random_forest
252,2025-12-31,0.04931,Low,random_forest
253,2025-12-31,0.0234,Low,random_forest
254,2025-12-31,0.16824,Low,random_forest
256,2025-12-31,0.08263,Low,random_forest
258,2025-12-31,0.06745,Low,random_forest
259,2025-12-31,0.34779,High,random_forest
260,2025-12-31,0.20164,Medium,random_forest
262,2025-12-31,0.08976,Low,random_forest
264,2025-12-31,0.02893,Low,random_forest
267,2025-12-31,0.19036,Medium,random_forest
269,2025-12-31,0.15843,Low,random_forest
270,2025-12-31,0.02987,Low,random_forest
271,2025-12-31,0.06758,Low,random_forest
273,2025-12-31,0.06285,Low,random_forest
274,2025-12-31,0.15791,Low,random_forest
275,2025-12-31,0.09049,Low,random_forest
277,2025-12-31,0.22045,Medium,random_forest
281,2025-12-31,0.1381,Low,random_forest
284,2025-12-31,0.40758,High,random_forest
286,2025-12-31,0.12764,Low,random_forest
287,2025-12-31,0.09169,Low,random_forest
288,2025-12-31,0.0441,Low,random_forest
292,2025-12-31,0.15133,Low,random_forest
293,2025-12-31,0.21512,Medium,random_forest
296,2025-12-31,0.07452,Low,random_forest
298,2025-12-31,0.1496,Low,random_forest
302,2025-12-31,0.17664,Medium,random_forest
303,2025-12-31,0.05184,Low,random_forest
304,2025-12-31,0.0827,Low,random_forest
305,2025-12-31,0.17261,Low,random_forest
306,2025-12-31,0.0818,Low,random_forest
307,2025-12-31,0.23929,Medium,random_forest
308,2025-12-31,0.05434,Low,random_forest
309,2025-12-31,0.20024,Medium,random_forest
311,2025-12-31,0.16232,Low,random_forest
312,2025-12-31,0.1788,Medium,random_forest
314,2025-12-31,0.11943,Low,random_forest
316,2025-12-31,0.12046,Low,random_forest
319,2025-12-31,0.0562,Low,random_forest
321,2025-12-31,0.25045,Medium,random_forest
323,2025-12-31,0.05507,Low,random_forest
327,2025-12-31,0.0349,Low,random_forest
329,2025-12-31,0.3483,High,random_forest
330,2025-12-31,0.17966,Medium,random_forest
332,2025-12-31,0.06894,Low,random_forest
333,2025-12-31,0.25347,Medium,random_forest
334,2025-12-31,0.14594,Low,random_forest
335,2025-12-31,0.04283,Low,random_forest
336,2025-12-31,0.06794,Low,random_forest
337,2025-12-31,0.16615,Low,random_forest
338,2025-12-31,0.08697,Low,random_forest
339,2025-12-31,0.03847,Low,random_forest
340,2025-12-31,0.04977,Low,random_forest
341,2025-12-31,0.05511,Low,random_forest
343,2025-12-31,0.13036,Low,random_forest
346,2025-12-31,0.17793,Medium,random_forest
347,2025-12-31,0.17819,Medium,random_forest
349,2025-12-31,0.10981,Low,random_forest
350,2025-12-31,0.09804,Low,random_forest
351,2025-12-31,0.2867,Medium,random_forest
352,2025-12-31,0.09899,Low,random_forest
353,2025-12-31,0.14103,Low,random_forest
359,2025-12-31,0.19248,Medium,random_forest
361,2025-12-31,0.03842,Low,random_forest
362,2025-12-31,0.13375,Low,random_forest
363,2025-12-31,0.07409,Low,random_forest
366,2025-12-31,0.23812,Medium,random_forest
367,2025-12-31,0.04635,Low,random_forest
369,2025-12-31,0.07299,Low,random_forest
372,2025-12-31,0.12435,Low,random_forest
373,2025-12-31,0.07016,Low,random_forest
374,2025-12-31,0.27691,Medium,random_forest
377,2025-12-31,0.09181,Low,random_forest
378,2025-12-31,0.03905,Low,random_forest
379,2025-12-31,0.1471,Low,random_forest
380,2025-12-31,0.05657,Low,random_forest
381,2025-12-31,0.05755,Low,random_forest
382,2025-12-31,0.10743,Low,random_forest
384,2025-12-31,0.0526,Low,random_forest
385,2025-12-31,0.10529,Low,random_forest
386,2025-12-31,0.07554,Low,random_forest
387,2025-12-31,0.09378,Low,random_forest
388,2025-12-31,0.14898,Low,random_forest
389,2025-12-31,0.1067,Low,random_forest
390,2025-12-31,0.20887,Medium,random_forest
391,2025-12-31,0.13915,Low,random_forest
393,2025-12-31,0.08283,Low,random_forest
395,2025-12-31,0.10322,Low,random_forest
396,2025-12-31,0.19964,Medium,random_forest
397,2025-12-31,0.09157,Low,random_forest
399,2025-12-31,0.33186,High,random_forest
403,2025-12-31,0.41816,High,random_forest
404,2025-12-31,0.14616,Low,random_forest
406,2025-12-31,0.11362,Low,random_forest
407,2025-12-31,0.18781,Medium,random_forest
408,2025-12-31,0.03398,Low,random_forest
410,2025-12-31,0.02624,Low,random_forest
411,2025-12-31,0.62782,High,random_forest
412,2025-12-31,0.14708,Low,random_forest
416,2025-12-31,0.07661,Low,random_forest
417,2025-12-31,0.05446,Low,random_forest
419,2025-12-31,0.06013,Low,random_forest
420,2025-12-31,0.03575,Low,random_forest
421,2025-12-31,0.05895,Low,random_forest
422,2025-12-31,0.07133,Low,random_forest
423,2025-12-31,0.1444,Low,random_forest
424,2025-12-31,0.27121,Medium,random_forest
425,2025-12-31,0.23116,Medium,random_forest
426,2025-12-31,0.31766,High,random_forest
428,2025-12-31,0.07797,Low,random_forest
429,2025-12-31,0.09572,Low,random_forest
430,2025-12-31,0.13208,Low,random_forest
431,2025-12-31,0.13975,Low,random_forest
434,2025-12-31,0.47029,High,random_forest
436,2025-12-31,0.17394,Low,random_forest
437,2025-12-31,0.20945,Medium,random_forest
438,2025-12-31,0.08503,Low,random_forest
439,2025-12-31,0.12641,Low,random_forest
441,2025-12-31,0.0746,Low,random_forest
442,2025-12-31,0.07488,Low,random_forest
444,2025-12-31,0.03478,Low,random_forest
446,2025-12-31,0.13842,Low,random_forest
447,2025-12-31,0.02994,Low,random_forest
448,2025-12-31,0.07766,Low,random_forest
449,2025-12-31,0.13103,Low,random_forest
450,2025-12-31,0.21284,Medium,random_forest
451,2025-12-31,0.08545,Low,random_forest
452,2025-12-31,0.03893,Low,random_forest
453,2025-12-31,0.17133,Low,random_forest
455,2025-12-31,0.19295,Medium,random_forest
456,2025-12-31,0.0471,Low,random_forest
458,2025-12-31,0.03886,Low,random_forest
460,2025-12-31,0.02477,Low,random_forest
461,2025-12-31,0.06661,Low,random_forest
462,2025-12-31,0.17167,Low,random_forest
463,2025-12-31,0.11987,Low,random_forest
464,2025-12-31,0.04357,Low,random_forest
465,2025-12-31,0.09587,Low,random_forest
466,2025-12-31,0.10642,Low,random_forest
467,2025-12-31,0.28091,Medium,random_forest
468,2025-12-31,0.10626,Low,random_forest
469,2025-12-31,0.07517,Low,random_forest
470,2025-12-31,0.24262,Medium,random_forest
471,2025-12-31,0.12596,Low,random_forest
473,2025-12-31,0.16151,Low,random_forest
474,2025-12-31,0.07247,Low,random_forest
475,2025-12-31,0.41546,High,random_forest
476,2025-12-31,0.04454,Low,random_forest
477,2025-12-31,0.1296,Low,random_forest
479,2025-12-31,0.13617,Low,random_forest
481,2025-12-31,0.21468,Medium,random_forest
482,2025-12-31,0.0626,Low,random_forest
483,2025-12-31,0.31319,High,random_forest
484,2025-12-31,0.30934,High,random_forest
486,2025-12-31,0.0956,Low,random_forest
487,2025-12-31,0.11041,Low,random_forest
491,2025-12-31,0.14066,Low,random_forest
493,2025-12-31,0.55492,High,random_forest
495,2025-12-31,0.21309,Medium,random_forest
496,2025-12-31,0.14754,Low,random_forest
497,2025-12-31,0.08472,Low,random_forest
498,2025-12-31,0.1026,Low,random_forest
499,2025-12-31,0.08841,Low,random_forest
500,2025-12-31,0.10196,Low,random_forest
501,2025-12-31,0.09719,Low,random_forest
505,2025-12-31,0.07005,Low,random_forest
507,2025-12-31,0.14106,Low,random_forest
508,2025-12-31,0.2368,Medium,random_forest
511,2025-12-31,0.18455,Medium,random_forest
513,2025-12-31,0.07798,Low,random_forest
515,2025-12-31,0.11145,Low,random_forest
516,2025-12-31,0.04585,Low,random_forest
517,2025-12-31,0.09635,Low,random_forest
518,2025-12-31,0.28278,Medium,random_forest
520,2025-12-31,0.04525,Low,random_forest
521,2025-12-31,0.1031,Low,random_forest
522,2025-12-31,0.11163,Low,random_forest
523,2025-12-31,0.03369,Low,random_forest
524,2025-12-31,0.09494,Low,random_forest
525,2025-12-31,0.12205,Low,random_forest
526,2025-12-31,0.0635,Low,random_forest
527,2025-12-31,0.21258,Medium,random_forest
529,2025-12-31,0.07662,Low,random_forest
530,2025-12-31,0.12542,Low,random_forest
531,2025-12-31,0.0755,Low,random_forest
532,2025-12-31,0.19528,Medium,random_forest
533,2025-12-31,0.14975,Low,random_forest
534,2025-12-31,0.07074,Low,random_forest
536,2025-12-31,0.11331,Low,random_forest
543,2025-12-31,0.10645,Low,random_forest
544,2025-12-31,0.16537,Low,random_forest
546,2025-12-31,0.03138,Low,random_forest
547,2025-12-31,0.14862,Low,random_forest
548,2025-12-31,0.03306,Low,random_forest
550,2025-12-31,0.06935,Low,random_forest
551,2025-12-31,0.08364,Low,random_forest
556,2025-12-31,0.46012,High,random_forest
558,2025-12-31,0.01987,Low,random_forest
560,2025-12-31,0.13665,Low,random_forest
562,2025-12-31,0.18013,Medium,random_forest
564,2025-12-31,0.05038,Low,random_forest
567,2025-12-31,0.27969,Medium,random_forest
568,2025-12-31,0.13401,Low,random_forest
569,2025-12-31,0.05373,Low,random_forest
571,2025-12-31,0.16786,Low,random_forest
573,2025-12-31,0.31329,High,random_forest
574,2025-12-31,0.08075,Low,random_forest
575,2025-12-31,0.05868,Low,random_forest
577,2025-12-31,0.13123,Low,random_forest
578,2025-12-31,0.12963,Low,random_forest
579,2025-12-31,0.04412,Low,random_forest
580,2025-12-31,0.19552,Medium,random_forest
581,2025-12-31,0.09923,Low,random_forest
585,2025-12-31,0.35007,High,random_forest
586,2025-12-31,0.15963,Low,random_forest
591,2025-12-31,0.16154,Low,random_forest
592,2025-12-31,0.24487,Medium,random_forest
595,2025-12-31,0.05719,Low,random_forest
597,2025-12-31,0.08202,Low,random_forest
599,2025-12-31,0.07503,Low,random_forest
600,2025-12-31,0.09367,Low,random_forest
601,2025-12-31,0.09484,Low,random_forest
602,2025-12-31,0.09794,Low,random_forest
604,2025-12-31,0.39699,High,random_forest
605,2025-12-31,0.17935,Medium,random_forest
606,2025-12-31,0.04587,Low,random_forest
611,2025-12-31,0.09604,Low,random_forest
612,2025-12-31,0.02563,Low,random_forest
613,2025-12-31,0.05103,Low,random_forest
615,2025-12-31,0.2072,Medium,random_forest
616,2025-12-31,0.14429,Low,random_forest
618,2025-12-31,0.35755,High,random_forest
620,2025-12-31,0.11796,Low,random_forest
621,2025-12-31,0.12239,Low,random_forest
623,2025-12-31,0.04106,Low,random_forest
624,2025-12-31,0.27246,Medium,random_forest
625,2025-12-31,0.02065,Low,random_forest
626,2025-12-31,0.06996,Low,random_forest
630,2025-12-31,0.07966,Low,random_forest
632,2025-12-31,0.21258,Medium,random_forest
634,2025-12-31,0.09794,Low,random_forest
635,2025-12-31,0.03563,Low,random_forest
638,2025-12-31,0.14742,Low,random_forest
639,2025-12-31,0.30837,High,random_forest
641,2025-12-31,0.10109,Low,random_forest
643,2025-12-31,0.35776,High,random_forest
644,2025-12-31,0.15654,Low,random_forest
645,2025-12-31,0.20414,Medium,random_forest
649,2025-12-31,0.1853,Medium,random_forest
652,2025-12-31,0.20776,Medium,random_forest
653,2025-12-31,0.05278,Low,random_forest
655,2025-12-31,0.10958,Low,random_forest
656,2025-12-31,0.17773,Medium,random_forest
657,2025-12-31,0.31373,High,random_forest
659,2025-12-31,0.05224,Low,random_forest
661,2025-12-31,0.08932,Low,random_forest
662,2025-12-31,0.23715,Medium,random_forest
663,2025-12-31,0.06993,Low,random_forest
664,2025-12-31,0.04447,Low,random_forest
665,2025-12-31,0.13413,Low,random_forest
666,2025-12-31,0.32474,High,random_forest
669,2025-12-31,0.32043,High,random_forest
671,2025-12-31,0.07557,Low,random_forest
675,2025-12-31,0.2129,Medium,random_forest
677,2025-12-31,0.09736,Low,random_forest
679,2025-12-31,0.12558,Low,random_forest
680,2025-12-31,0.30035,High,random_forest
682,2025-12-31,0.16425,Low,random_forest
683,2025-12-31,0.05111,Low,random_forest
686,2025-12-31,0.35342,High,random_forest
689,2025-12-31,0.03083,Low,random_forest
690,2025-12-31,0.03845,Low,random_forest
691,2025-12-31,0.05963,Low,random_forest
692,2025-12-31,0.07828,Low,random_forest
699,2025-12-31,0.1183,Low,random_forest
700,2025-12-31,0.28175,Medium,random_forest
704,2025-12-31,0.21549,Medium,random_forest
705,2025-12-31,0.14762,Low,random_forest
707,2025-12-31,0.09008,Low,random_forest
709,2025-12-31,0.08853,Low,random_forest
710,2025-12-31,0.08362,Low,random_forest
712,2025-12-31,0.12859,Low,random_forest
714,2025-12-31,0.10506,Low,random_forest
715,2025-12-31,0.15021,Low,random_forest
716,2025-12-31,0.26191,Medium,random_forest
717,2025-12-31,0.06864,Low,random_forest
721,2025-12-31,0.06,Low,random_forest
722,2025-12-31,0.15381,Low,random_forest
724,2025-12-31,0.06097,Low,random_forest
725,2025-12-31,0.1267,Low,random_forest
727,2025-12-31,0.05081,Low,random_forest
728,2025-12-31,0.14633,Low,random_forest
729,2025-12-31,0.14161,Low,random_forest
730,2025-12-31,0.02014,Low,random_forest
731,2025-12-31,0.04219,Low,random_forest
732,2025-12-31,0.33145,High,random_forest
733,2025-12-31,0.09547,Low,random_forest
734,2025-12-31,0.02489,Low,random_forest
738,2025-12-31,0.15927,Low,random_forest
742,2025-12-31,0.04227,Low,random_forest
743,2025-12-31,0.17466,Low,random_forest
744,2025-12-31,0.19633,Medium,random_forest
746,2025-12-31,0.18156,Medium,random_forest
747,2025-12-31,0.07301,Low,random_forest
749,2025-12-31,0.47987,High,random_forest
754,2025-12-31,0.10512,Low,random_forest
757,2025-12-31,0.0513,Low,random_forest
758,2025-12-31,0.15197,Low,random_forest
760,2025-12-31,0.08638,Low,random_forest
763,2025-12-31,0.34979,High,random_forest
764,2025-12-31,0.13188,Low,random_forest
766,2025-12-31,0.21353,Medium,random_forest
769,2025-12-31,0.14399,Low,random_forest
771,2025-12-31,0.11719,Low,random_forest
772,2025-12-31,0.15056,Low,random_forest
773,2025-12-31,0.30562,High,random_forest
775,2025-12-31,0.12692,Low,random_forest
776,2025-12-31,0.10499,Low,random_forest
781,2025-12-31,0.21462,Medium,random_forest
783,2025-12-31,0.16708,Low,random_forest
784,2025-12-31,0.3193,High,random_forest
786,2025-12-31,0.08192,Low,random_forest
789,2025-12-31,0.17781,Medium,random_forest
791,2025-12-31,0.06688,Low,random_forest
792,2025-12-31,0.32061,High,random_forest
793,2025-12-31,0.06966,Low,random_forest
797,2025-12-31,0.0813,Low,random_forest
799,2025-12-31,0.11159,Low,random_forest
800,2025-12-31,0.06371,Low,random_forest
802,2025-12-31,0.17272,Low,random_forest
803,2025-12-31,0.15475,Low,random_forest
804,2025-12-31,0.19496,Medium,random_forest
805,2025-12-31,0.12435,Low,random_forest
806,2025-12-31,0.12018,Low,random_forest
807,2025-12-31,0.05159,Low,random_forest
808,2025-12-31,0.06109,Low,random_forest
809,2025-12-31,0.03762,Low,random_forest
812,2025-12-31,0.35229,High,random_forest
813,2025-12-31,0.07115,Low,random_forest
815,2025-12-31,0.03377,Low,random_forest
817,2025-12-31,0.07002,Low,random_forest
820,2025-12-31,0.06044,Low,random_forest
823,2025-12-31,0.01495,Low,random_forest
824,2025-12-31,0.07446,Low,random_forest
826,2025-12-31,0.1176,Low,random_forest
827,2025-12-31,0.05174,Low,random_forest
829,2025-12-31,0.13284,Low,random_forest
830,2025-12-31,0.02771,Low,random_forest
832,2025-12-31,0.34298,High,random_forest
833,2025-12-31,0.22775,Medium,random_forest
834,2025-12-31,0.23196,Medium,random_forest
836,2025-12-31,0.08696,Low,random_forest
837,2025-12-31,0.11543,Low,random_forest
838,2025-12-31,0.17189,Low,random_forest
843,2025-12-31,0.05501,Low,random_forest
844,2025-12-31,0.08206,Low,random_forest
845,2025-12-31,0.08745,Low,random_forest
846,2025-12-31,0.22153,Medium,random_forest
847,2025-12-31,0.07988,Low,random_forest
850,2025-12-31,0.22587,Medium,random_forest
851,2025-12-31,0.03875,Low,random_forest
852,2025-12-31,0.02947,Low,random_forest
854,2025-12-31,0.31099,High,random_forest
855,2025-12-31,0.07743,Low,random_forest
856,2025-12-31,0.26687,Medium,random_forest
857,2025-12-31,0.134,Low,random_forest
859,2025-12-31,0.09515,Low,random_forest
861,2025-12-31,0.11941,Low,random_forest
862,2025-12-31,0.20372,Medium,random_forest
864,2025-12-31,0.19824,Medium,random_forest
865,2025-12-31,0.08157,Low,random_forest
867,2025-12-31,0.13185,Low,random_forest
868,2025-12-31,0.12795,Low,random_forest
869,2025-12-31,0.09125,Low,random_forest
872,2025-12-31,0.18729,Medium,random_forest
874,2025-12-31,0.29885,High,random_forest
875,2025-12-31,0.40587,High,random_forest
878,2025-12-31,0.24883,Medium,random_forest
879,2025-12-31,0.1867,Medium,random_forest
880,2025-12-31,0.06467,Low,random_forest
882,2025-12-31,0.15236,Low,random_forest
885,2025-12-31,0.09837,Low,random_forest
887,2025-12-31,0.05145,Low,random_forest
888,2025-12-31,0.12183,Low,random_forest
889,2025-12-31,0.06187,Low,random_forest
893,2025-12-31,0.15831,Low,random_forest
894,2025-12-31,0.08073,Low,random_forest
895,2025-12-31,0.36349,High,random_forest
897,2025-12-31,0.16616,Low,random_forest
899,2025-12-31,0.16493,Low,random_forest
900,2025-12-31,0.1363,Low,random_forest
901,2025-12-31,0.03586,Low,random_forest
902,2025-12-31,0.03163,Low,random_forest
903,2025-12-31,0.09776,Low,random_forest
904,2025-12-31,0.37033,High,random_forest
905,2025-12-31,0.07797,Low,random_forest
909,2025-12-31,0.07624,Low,random_forest
910,2025-12-31,0.36459,High,random_forest
912,2025-12-31,0.2135,Medium,random_forest
913,2025-12-31,0.38219,High,random_forest
916,2025-12-31,0.22688,Medium,random_forest
920,2025-12-31,0.15799,Low,random_forest
924,2025-12-31,0.05308,Low,random_forest
925,2025-12-31,0.3848,High,random_forest
930,2025-12-31,0.18084,Medium,random_forest
933,2025-12-31,0.36421,High,random_forest
934,2025-12-31,0.21356,Medium,random_forest
936,2025-12-31,0.11395,Low,random_forest
939,2025-12-31,0.39091,High,random_forest
940,2025-12-31,0.0781,Low,random_forest
941,2025-12-31,0.18296,Medium,random_forest
942,2025-12-31,0.19374,Medium,random_forest
944,2025-12-31,0.23633,Medium,random_forest
945,2025-12-31,0.19029,Medium,random_forest
947,2025-12-31,0.10422,Low,random_forest
949,2025-12-31,0.08975,Low,random_forest
950,2025-12-31,0.00583,Low,random_forest
951,2025-12-31,0.22734,Medium,random_forest
954,2025-12-31,0.27218,Medium,random_forest
956,2025-12-31,0.13534,Low,random_forest
957,2025-12-31,0.28965,Medium,random_forest
958,2025-12-31,0.17741,Medium,random_forest
961,2025-12-31,0.11818,Low,random_forest
964,2025-12-31,0.27957,Medium,random_forest
966,2025-12-31,0.03456,Low,random_forest
969,2025-12-31,0.01706,Low,random_forest
972,2025-12-31,0.11346,Low,random_forest
974,2025-12-31,0.31161,High,random_forest
975,2025-12-31,0.09417,Low,random_forest
976,2025-12-31,0.0167,Low,random_forest
981,2025-12-31,0.01684,Low,random_forest
982,2025-12-31,0.13509,Low,random_forest
983,2025-12-31,0.33696,High,random_forest
984,2025-12-31,0.04864,Low,random_forest
985,2025-12-31,0.14237,Low,random_forest
987,2025-12-31,0.13463,Low,random_forest
990,2025-12-31,0.06058,Low,random_forest
992,2025-12-31,0.06201,Low,random_forest
995,2025-12-31,0.13103,Low,random_forest
996,2025-12-31,0.07341,Low,random_forest
997,2025-12-31,0.03809,Low,random_forest
998,2025-12-31,0.07082,Low,random_forest
999,2025-12-31,0.08686,Low,random_forest
1001,2025-12-31,0.18419,Medium,random_forest
1002,2025-12-31,0.11904,Low,random_forest
1003,2025-12-31,0.2134,Medium,random_forest
1005,2025-12-31,0.0686,Low,random_forest
1006,2025-12-31,0.1074,Low,random_forest
1007,2025-12-31,0.06791,Low,random_forest
1009,2025-12-31,0.15087,Low,random_forest
1011,2025-12-31,0.11336,Low,random_forest
1012,2025-12-31,0.43109,High,random_forest
1013,2025-12-31,0.13208,Low,random_forest
1014,2025-12-31,0.12301,Low,random_forest
1015,2025-12-31,0.12767,Low,random_forest
1018,2025-12-31,0.09427,Low,random_forest
1019,2025-12-31,0.14594,Low,random_forest
1022,2025-12-31,0.15781,Low,random_forest
1024,2025-12-31,0.063,Low,random_forest
1025,2025-12-31,0.0731,Low,random_forest
1026,2025-12-31,0.14152,Low,random_forest
1027,2025-12-31,0.07573,Low,random_forest
1028,2025-12-31,0.10611,Low,random_forest
1029,2025-12-31,0.0502,Low,random_forest
1030,2025-12-31,0.30275,High,random_forest
1034,2025-12-31,0.13304,Low,random_forest
1035,2025-12-31,0.14452,Low,random_forest
1036,2025-12-31,0.36125,High,random_forest
1039,2025-12-31,0.18067,Medium,random_forest
1040,2025-12-31,0.08338,Low,random_forest
1043,2025-12-31,0.19204,Medium,random_forest
1044,2025-12-31,0.36858,High,random_forest
1045,2025-12-31,0.03006,Low,random_forest
1046,2025-12-31,0.17534,Medium,random_forest
1047,2025-12-31,0.19922,Medium,random_forest
1048,2025-12-31,0.16246,Low,random_forest
1049,2025-12-31,0.20894,Medium,random_forest
1050,2025-12-31,0.19838,Medium,random_forest
1055,2025-12-31,0.42314,High,random_forest
1056,2025-12-31,0.46181,High,random_forest
1060,2025-12-31,0.09694,Low,random_forest
1061,2025-12-31,0.17278,Low,random_forest
1062,2025-12-31,0.14493,Low,random_forest
1066,2025-12-31,0.10217,Low,random_forest
1068,2025-12-31,0.20733,Medium,random_forest
1069,2025-12-31,0.06902,Low,random_forest
1070,2025-12-31,0.19066,Medium,random_forest
1071,2025-12-31,0.10203,Low,random_forest
1073,2025-12-31,0.09655,Low,random_forest
1074,2025-12-31,0.08016,Low,random_forest
1076,2025-12-31,0.16406,Low,random_forest
1080,2025-12-31,0.10339,Low,random_forest
1083,2025-12-31,0.13028,Low,random_forest
1084,2025-12-31,0.058,Low,random_forest
1085,2025-12-31,0.06933,Low,random_forest
1088,2025-12-31,0.09218,Low,random_forest
1092,2025-12-31,0.10205,Low,random_forest
1094,2025-12-31,0.21106,Medium,random_forest
1096,2025-12-31,0.11352,Low,random_forest
1097,2025-12-31,0.08663,Low,random_forest
1099,2025-12-31,0.02957,Low,random_forest
1102,2025-12-31,0.2602,Medium,random_forest
1103,2025-12-31,0.10819,Low,random_forest
1105,2025-12-31,0.22295,Medium,random_forest
1109,2025-12-31,0.02609,Low,random_forest
1114,2025-12-31,0.08935,Low,random_forest
1115,2025-12-31,0.10889,Low,random_forest
1116,2025-12-31,0.0618,Low,random_forest
1117,2025-12-31,0.02427,Low,random_forest
1118,2025-12-31,0.11724,Low,random_forest
1119,2025-12-31,0.10066,Low,random_forest
1120,2025-12-31,0.07972,Low,random_forest
1121,2025-12-31,0.05925,Low,random_forest
1124,2025-12-31,0.04555,Low,random_forest
1125,2025-12-31,0.17954,Medium,random_forest
1126,2025-12-31,0.10731,Low,random_forest
1128,2025-12-31,0.11357,Low,random_forest
1131,2025-12-31,0.49542,High,random_forest
1132,2025-12-31,0.12478,Low,random_forest
1133,2025-12-31,0.05673,Low,random_forest
1135,2025-12-31,0.18505,Medium,random_forest
1136,2025-12-31,0.19258,Medium,random_forest
1137,2025-12-31,0.06303,Low,random_forest
1138,2025-12-31,0.13511,Low,random_forest
1140,2025-12-31,0.1446,Low,random_forest
1143,2025-12-31,0.11015,Low,random_forest
1148,2025-12-31,0.17223,Low,random_forest
1150,2025-12-31,0.13772,Low,random_forest
1152,2025-12-31,0.06928,Low,random_forest
1154,2025-12-31,0.36958,High,random_forest
1158,2025-12-31,0.23507,Medium,random_forest
1161,2025-12-31,0.02458,Low,random_forest
1162,2025-12-31,0.06082,Low,random_forest
1163,2025-12-31,0.11562,Low,random_forest
1164,2025-12-31,0.14361,Low,random_forest
1166,2025-12-31,0.05746,Low,random_forest
1171,2025-12-31,0.13159,Low,random_forest
1172,2025-12-31,0.07882,Low,random_forest
1173,2025-12-31,0.27511,Medium,random_forest
1177,2025-12-31,0.17466,Low,random_forest
1179,2025-12-31,0.05943,Low,random_forest
1180,2025-12-31,0.21979,Medium,random_forest
1182,2025-12-31,0.05587,Low,random_forest
1184,2025-12-31,0.07544,Low,random_forest
1185,2025-12-31,0.23596,Medium,random_forest
1190,2025-12-31,0.23782,Medium,random_forest
1191,2025-12-31,0.19519,Medium,random_forest
1192,2025-12-31,0.08985,Low,random_forest
1193,2025-12-31,0.508,High,random_forest
1195,2025-12-31,0.20633,Medium,random_forest
1196,2025-12-31,0.02092,Low,random_forest
1198,2025-12-31,0.35743,High,random_forest
1201,2025-12-31,0.03203,Low,random_forest
1202,2025-12-31,0.35273,High,random_forest
1204,2025-12-31,0.06184,Low,random_forest
1206,2025-12-31,0.26426,Medium,random_forest
1207,2025-12-31,0.05299,Low,random_forest
1211,2025-12-31,0.17651,Medium,random_forest
1212,2025-12-31,0.24887,Medium,random_forest
1215,2025-12-31,0.04079,Low,random_forest
1216,2025-12-31,0.0903,Low,random_forest
1217,2025-12-31,0.05746,Low,random_forest
1218,2025-12-31,0.22762,Medium,random_forest
1220,2025-12-31,0.07553,Low,random_forest
1221,2025-12-31,0.07137,Low,random_forest
1224,2025-12-31,0.07324,Low,random_forest
1225,2025-12-31,0.17389,Low,random_forest
1226,2025-12-31,0.40957,High,random_forest
1228,2025-12-31,0.0579,Low,random_forest
1231,2025-12-31,0.08215,Low,random_forest
1233,2025-12-31,0.15915,Low,random_forest
1234,2025-12-31,0.30328,High,random_forest
1235,2025-12-31,0.14564,Low,random_forest
1237,2025-12-31,0.07304,Low,random_forest
1238,2025-12-31,0.07026,Low,random_forest
1239,2025-12-31,0.09914,Low,random_forest
1240,2025-12-31,0.21972,Medium,random_forest
1241,2025-12-31,0.19228,Medium,random_forest
1242,2025-12-31,0.28345,Medium,random_forest
1243,2025-12-31,0.21023,Medium,random_forest
1244,2025-12-31,0.40918,High,random_forest
1245,2025-12-31,0.1109,Low,random_forest
1246,2025-12-31,0.14854,Low,random_forest
1249,2025-12-31,0.13341,Low,random_forest
1250,2025-12-31,0.02399,Low,random_forest
1251,2025-12-31,0.18593,Medium,random_forest
1252,2025-12-31,0.1597,Low,random_forest
1254,2025-12-31,0.16985,Low,random_forest
1255,2025-12-31,0.09983,Low,random_forest
1256,2025-12-31,0.08352,Low,random_forest
1257,2025-12-31,0.1131,Low,random_forest
1258,2025-12-31,0.2282,Medium,random_forest
1259,2025-12-31,0.11481,Low,random_forest
1260,2025-12-31,0.07939,Low,random_forest
1263,2025-12-31,0.05799,Low,random_forest
1264,2025-12-31,0.02813,Low,random_forest
1265,2025-12-31,0.31439,High,random_forest
1267,2025-12-31,0.04023,Low,random_forest
1268,2025-12-31,0.10462,Low,random_forest
1269,2025-12-31,0.53598,High,random_forest
1270,2025-12-31,0.2389,Medium,random_forest
1275,2025-12-31,0.32362,High,random_forest
1278,2025-12-31,0.22751,Medium,random_forest
1280,2025-12-31,0.01964,Low,random_forest
1281,2025-12-31,0.28981,Medium,random_forest
1282,2025-12-31,0.15095,Low,random_forest
1283,2025-12-31,0.17494,Low,random_forest
1285,2025-12-31,0.06995,Low,random_forest
1286,2025-12-31,0.58569,High,random_forest
1288,2025-12-31,0.03688,Low,random_forest
1289,2025-12-31,0.09486,Low,random_forest
1291,2025-12-31,0.24769,Medium,random_forest
1292,2025-12-31,0.30303,High,random_forest
1293,2025-12-31,0.19211,Medium,random_forest
1294,2025-12-31,0.10124,Low,random_forest
1296,2025-12-31,0.46734,High,random_forest
1297,2025-12-31,0.14438,Low,random_forest
1298,2025-12-31,0.12873,Low,random_forest
1301,2025-12-31,0.27898,Medium,random_forest
1303,2025-12-31,0.27748,Medium,random_forest
1304,2025-12-31,0.06351,Low,random_forest
1306,2025-12-31,0.13803,Low,random_forest
1307,2025-12-31,0.05116,Low,random_forest
1308,2025-12-31,0.19758,Medium,random_forest
1311,2025-12-31,0.08672,Low,random_forest
1312,2025-12-31,0.06819,Low,random_forest
1314,2025-12-31,0.11155,Low,random_forest
1315,2025-12-31,0.08593,Low,random_forest
1317,2025-12-31,0.14683,Low,random_forest
1321,2025-12-31,0.19517,Medium,random_forest
1322,2025-12-31,0.11403,Low,random_forest
1324,2025-12-31,0.15864,Low,random_forest
1329,2025-12-31,0.09191,Low,random_forest
1334,2025-12-31,0.10148,Low,random_forest
1336,2025-12-31,0.04116,Low,random_forest
1338,2025-12-31,0.05191,Low,random_forest
1340,2025-12-31,0.05545,Low,random_forest
1344,2025-12-31,0.08855,Low,random_forest
1346,2025-12-31,0.06122,Low,random_forest
1349,2025-12-31,0.06049,Low,random_forest
1350,2025-12-31,0.21421,Medium,random_forest
1352,2025-12-31,0.1136,Low,random_forest
1355,2025-12-31,0.08958,Low,random_forest
1356,2025-12-31,0.14205,Low,random_forest
1358,2025-12-31,0.1772,Medium,random_forest
1361,2025-12-31,0.10113,Low,random_forest
1362,2025-12-31,0.06782,Low,random_forest
1363,2025-12-31,0.08195,Low,random_forest
1364,2025-12-31,0.23912,Medium,random_forest
1367,2025-12-31,0.11011,Low,random_forest
1368,2025-12-31,0.47229,High,random_forest
1369,2025-12-31,0.05731,Low,random_forest
1371,2025-12-31,0.10907,Low,random_forest
1373,2025-12-31,0.18199,Medium,random_forest
1374,2025-12-31,0.14127,Low,random_forest
1375,2025-12-31,0.01849,Low,random_forest
1377,2025-12-31,0.08145,Low,random_forest
1382,2025-12-31,0.1174,Low,random_forest
1383,2025-12-31,0.0444,Low,random_forest
1387,2025-12-31,0.07821,Low,random_forest
1390,2025-12-31,0.27819,Medium,random_forest
1391,2025-12-31,0.29606,High,random_forest
1392,2025-12-31,0.06319,Low,random_forest
1394,2025-12-31,0.1947,Medium,random_forest
1395,2025-12-31,0.1752,Low,random_forest
1396,2025-12-31,0.18636,Medium,random_forest
1397,2025-12-31,0.06717,Low,random_forest
1399,2025-12-31,0.24619,Medium,random_forest
1401,2025-12-31,0.12317,Low,random_forest
1402,2025-12-31,0.22127,Medium,random_forest
1403,2025-12-31,0.3044,High,random_forest
1407,2025-12-31,0.19003,Medium,random_forest
1408,2025-12-31,0.00641,Low,random_forest
1409,2025-12-31,0.20955,Medium,random_forest
1411,2025-12-31,0.20532,Medium,random_forest
1412,2025-12-31,0.13808,Low,random_forest
1415,2025-12-31,0.17886,Medium,random_forest
1417,2025-12-31,0.22971,Medium,random_forest
1419,2025-12-31,0.23934,Medium,random_forest
1422,2025-12-31,0.02709,Low,random_forest
1423,2025-12-31,0.19856,Medium,random_forest
1424,2025-12-31,0.03038,Low,random_forest
1425,2025-12-31,0.44962,High,random_forest
1428,2025-12-31,0.07072,Low,random_forest
1430,2025-12-31,0.14221,Low,random_forest
1431,2025-12-31,0.0899,Low,random_forest
1434,2025-12-31,0.20113,Medium,random_forest
1435,2025-12-31,0.12615,Low,random_forest
1436,2025-12-31,0.09794,Low,random_forest
1438,2025-12-31,0.08162,Low,random_forest
1440,2025-12-31,0.13411,Low,random_forest
1441,2025-12-31,0.2147,Medium,random_forest
1443,2025-12-31,0.02958,Low,random_forest
1445,2025-12-31,0.11597,Low,random_forest
1446,2025-12-31,0.09816,Low,random_forest
1447,2025-12-31,0.04423,Low,random_forest
1448,2025-12-31,0.34875,High,random_forest
1449,2025-12-31,0.04656,Low,random_forest
1453,2025-12-31,0.16476,Low,random_forest
1460,2025-12-31,0.1146,Low,random_forest
1461,2025-12-31,0.2442,Medium,random_forest
1465,2025-12-31,0.16277,Low,random_forest
1466,2025-12-31,0.08056,Low,random_forest
1468,2025-12-31,0.03001,Low,random_forest
1469,2025-12-31,0.26311,Medium,random_forest
1471,2025-12-31,0.11515,Low,random_forest
1472,2025-12-31,0.03042,Low,random_forest
1473,2025-12-31,0.04451,Low,random_forest
1474,2025-12-31,0.1033,Low,random_forest
1475,2025-12-31,0.15051,Low,random_forest
1477,2025-12-31,0.09575,Low,random_forest
1478,2025-12-31,0.13088,Low,random_forest
1479,2025-12-31,0.17096,Low,random_forest
1480,2025-12-31,0.13681,Low,random_forest
1481,2025-12-31,0.29536,High,random_forest
1482,2025-12-31,0.23812,Medium,random_forest
1483,2025-12-31,0.17351,Low,random_forest
1484,2025-12-31,0.0529,Low,random_forest
1485,2025-12-31,0.04992,Low,random_forest
1492,2025-12-31,0.22619,Medium,random_forest
1495,2025-12-31,0.42284,High,random_forest
1496,2025-12-31,0.23491,Medium,random_forest
1497,2025-12-31,0.07743,Low,random_forest
1499,2025-12-31,0.17476,Low,random_forest
1501,2025-12-31,0.14922,Low,random_forest
1502,2025-12-31,0.23051,Medium,random_forest
1503,2025-12-31,0.20777,Medium,random_forest
1506,2025-12-31,0.32545,High,random_forest
1507,2025-12-31,0.28422,Medium,random_forest
1509,2025-12-31,0.12161,Low,random_forest
1513,2025-12-31,0.1353,Low,random_forest
1514,2025-12-31,0.06626,Low,random_forest
1515,2025-12-31,0.30726,High,random_forest
1516,2025-12-31,0.08143,Low,random_forest
1520,2025-12-31,0.02822,Low,random_forest
1523,2025-12-31,0.04911,Low,random_forest
1525,2025-12-31,0.07004,Low,random_forest
1527,2025-12-31,0.01429,Low,random_forest
1529,2025-12-31,0.12166,Low,random_forest
1533,2025-12-31,0.23967,Medium,random_forest
1535,2025-12-31,0.17336,Low,random_forest
1539,2025-12-31,0.16483,Low,random_forest
1541,2025-12-31,0.30776,High,random_forest
1542,2025-12-31,0.1472,Low,random_forest
1543,2025-12-31,0.09427,Low,random_forest
1544,2025-12-31,0.07628,Low,random_forest
1545,2025-12-31,0.09825,Low,random_forest
1546,2025-12-31,0.05928,Low,random_forest
1547,2025-12-31,0.06935,Low,random_forest
1548,2025-12-31,0.17285,Low,random_forest
1549,2025-12-31,0.16275,Low,random_forest
1550,2025-12-31,0.08438,Low,random_forest
1551,2025-12-31,0.32177,High,random_forest
1552,2025-12-31,0.1874,Medium,random_forest
1553,2025-12-31,0.11176,Low,random_forest
1554,2025-12-31,0.11003,Low,random_forest
1555,2025-12-31,0.07452,Low,random_forest
1556,2025-12-31,0.37144,High,random_forest
1557,2025-12-31,0.09394,Low,random_forest
1558,2025-12-31,0.29949,High,random_forest
1560,2025-12-31,0.25665,Medium,random_forest
1563,2025-12-31,0.11277,Low,random_forest
1564,2025-12-31,0.22867,Medium,random_forest
1568,2025-12-31,0.20132,Medium,random_forest
1574,2025-12-31,0.11001,Low,random_forest
1576,2025-12-31,0.1787,Medium,random_forest
1577,2025-12-31,0.25699,Medium,random_forest
1578,2025-12-31,0.24617,Medium,random_forest
1580,2025-12-31,0.11982,Low,random_forest
1581,2025-12-31,0.30988,High,random_forest
1582,2025-12-31,0.14147,Low,random_forest
1583,2025-12-31,0.24818,Medium,random_forest
1585,2025-12-31,0.18771,Medium,random_forest
1586,2025-12-31,0.36089,High,random_forest
1587,2025-12-31,0.15648,Low,random_forest
1588,2025-12-31,0.04344,Low,random_forest
1590,2025-12-31,0.0977,Low,random_forest
1591,2025-12-31,0.11682,Low,random_forest
1592,2025-12-31,0.1356,Low,random_forest
1594,2025-12-31,0.2169,Medium,random_forest
1595,2025-12-31,0.06212,Low,random_forest
1596,2025-12-31,0.08168,Low,random_forest
1597,2025-12-31,0.05062,Low,random_forest
1598,2025-12-31,0.08683,Low,random_forest
1599,2025-12-31,0.10606,Low,random_forest
1601,2025-12-31,0.14321,Low,random_forest
1602,2025-12-31,0.06548,Low,random_forest
1605,2025-12-31,0.38491,High,random_forest
1606,2025-12-31,0.15263,Low,random_forest
1607,2025-12-31,0.04024,Low,random_forest
1608,2025-12-31,0.07567,Low,random_forest
1609,2025-12-31,0.11111,Low,random_forest
1611,2025-12-31,0.16838,Low,random_forest
1612,2025-12-31,0.12592,Low,random_forest
1613,2025-12-31,0.18077,Medium,random_forest
1614,2025-12-31,0.1388,Low,random_forest
1615,2025-12-31,0.04631,Low,random_forest
1617,2025-12-31,0.08907,Low,random_forest
1618,2025-12-31,0.06291,Low,random_forest
1619,2025-12-31,0.14363,Low,random_forest
1621,2025-12-31,0.20795,Medium,random_forest
1622,2025-12-31,0.06962,Low,random_forest
1623,2025-12-31,0.217,Medium,random_forest
1625,2025-12-31,0.08153,Low,random_forest
1627,2025-12-31,0.02605,Low,random_forest
1628,2025-12-31,0.15259,Low,random_forest
1630,2025-12-31,0.04022,Low,random_forest
1631,2025-12-31,0.06361,Low,random_forest
1633,2025-12-31,0.14434,Low,random_forest
1635,2025-12-31,0.02785,Low,random_forest
1638,2025-12-31,0.05328,Low,random_forest
1640,2025-12-31,0.13089,Low,random_forest
1641,2025-12-31,0.10866,Low,random_forest
1642,2025-12-31,0.20311,Medium,random_forest
1644,2025-12-31,0.02442,Low,random_forest
1646,2025-12-31,0.44813,High,random_forest
1647,2025-12-31,0.11264,Low,random_forest
1648,2025-12-31,0.21231,Medium,random_forest
1650,2025-12-31,0.14824,Low,random_forest
1651,2025-12-31,0.05899,Low,random_forest
1653,2025-12-31,0.053,Low,random_forest
1654,2025-12-31,0.05913,Low,random_forest
1655,2025-12-31,0.04953,Low,random_forest
1656,2025-12-31,0.05272,Low,random_forest
1657,2025-12-31,0.47573,High,random_forest
1658,2025-12-31,0.04475,Low,random_forest
1659,2025-12-31,0.30655,High,random_forest
1661,2025-12-31,0.08155,Low,random_forest
1662,2025-12-31,0.05019,Low,random_forest
1664,2025-12-31,0.0267,Low,random_forest
1665,2025-12-31,0.06653,Low,random_forest
1666,2025-12-31,0.04824,Low,random_forest
1668,2025-12-31,0.06411,Low,random_forest
1669,2025-12-31,0.12512,Low,random_forest
1670,2025-12-31,0.02705,Low,random_forest
1671,2025-12-31,0.08522,Low,random_forest
1673,2025-12-31,0.05896,Low,random_forest
1674,2025-12-31,0.33648,High,random_forest
1675,2025-12-31,0.25436,Medium,random_forest
1676,2025-12-31,0.03441,Low,random_forest
1677,2025-12-31,0.02044,Low,random_forest
1678,2025-12-31,0.40622,High,random_forest
1680,2025-12-31,0.50376,High,random_forest
1681,2025-12-31,0.14032,Low,random_forest
1682,2025-12-31,0.08925,Low,random_forest
1683,2025-12-31,0.20712,Medium,random_forest
1687,2025-12-31,0.10071,Low,random_forest
1689,2025-12-31,0.09105,Low,random_forest
1693,2025-12-31,0.13737,Low,random_forest
1694,2025-12-31,0.13659,Low,random_forest
1696,2025-12-31,0.05082,Low,random_forest
1697,2025-12-31,0.14625,Low,random_forest
1698,2025-12-31,0.16694,Low,random_forest
1700,2025-12-31,0.13552,Low,random_forest
1701,2025-12-31,0.1084,Low,random_forest
1703,2025-12-31,0.05407,Low,random_forest
1704,2025-12-31,0.29837,High,random_forest
1706,2025-12-31,0.05341,Low,random_forest
1707,2025-12-31,0.08544,Low,random_forest
1708,2025-12-31,0.15031,Low,random_forest
1709,2025-12-31,0.0556,Low,random_forest
1710,2025-12-31,0.16829,Low,random_forest
1712,2025-12-31,0.10282,Low,random_forest
1718,2025-12-31,0.17577,Medium,random_forest
1719,2025-12-31,0.05573,Low,random_forest
1720,2025-12-31,0.12452,Low,random_forest
1721,2025-12-31,0.08387,Low,random_forest
1722,2025-12-31,0.06988,Low,random_forest
1724,2025-12-31,0.15635,Low,random_forest
1725,2025-12-31,0.18178,Medium,random_forest
1727,2025-12-31,0.0677,Low,random_forest
1728,2025-12-31,0.04663,Low,random_forest
1729,2025-12-31,0.04649,Low,random_forest
1731,2025-12-31,0.15927,Low,random_forest
1732,2025-12-31,0.29962,High,random_forest
1735,2025-12-31,0.28765,Medium,random_forest
1736,2025-12-31,0.13407,Low,random_forest
1737,2025-12-31,0.08633,Low,random_forest
1739,2025-12-31,0.1743,Low,random_forest
1740,2025-12-31,0.09993,Low,random_forest
1744,2025-12-31,0.21703,Medium,random_forest
1745,2025-12-31,0.25619,Medium,random_forest
1746,2025-12-31,0.43056,High,random_forest
1749,2025-12-31,0.09796,Low,random_forest
1751,2025-12-31,0.1277,Low,random_forest
1753,2025-12-31,0.21708,Medium,random_forest
1754,2025-12-31,0.1606,Low,random_forest
1755,2025-12-31,0.14343,Low,random_forest
1756,2025-12-31,0.12661,Low,random_forest
1757,2025-12-31,0.122,Low,random_forest
1760,2025-12-31,0.1225,Low,random_forest
1762,2025-12-31,0.20799,Medium,random_forest
1763,2025-12-31,0.02434,Low,random_forest
1764,2025-12-31,0.18122,Medium,random_forest
1766,2025-12-31,0.24721,Medium,random_forest
1768,2025-12-31,0.08518,Low,random_forest
1770,2025-12-31,0.08919,Low,random_forest
1771,2025-12-31,0.03075,Low,random_forest
1772,2025-12-31,0.13498,Low,random_forest
1774,2025-12-31,0.09252,Low,random_forest
1775,2025-12-31,0.19512,Medium,random_forest
1778,2025-12-31,0.06813,Low,random_forest
1779,2025-12-31,0.11417,Low,random_forest
1782,2025-12-31,0.05322,Low,random_forest
1784,2025-12-31,0.08951,Low,random_forest
1786,2025-12-31,0.06927,Low,random_forest
1787,2025-12-31,0.05928,Low,random_forest
1789,2025-12-31,0.08428,Low,random_forest
1790,2025-12-31,0.03865,Low,random_forest
1794,2025-12-31,0.06332,Low,random_forest
1798,2025-12-31,0.08591,Low,random_forest
1799,2025-12-31,0.13934,Low,random_forest
1800,2025-12-31,0.08416,Low,random_forest
1801,2025-12-31,0.246,Medium,random_forest
1802,2025-12-31,0.06052,Low,random_forest
1803,2025-12-31,0.14213,Low,random_forest
1804,2025-12-31,0.00255,Low,random_forest
1805,2025-12-31,0.12459,Low,random_forest
1812,2025-12-31,0.17138,Low,random_forest
1813,2025-12-31,0.30281,High,random_forest
1814,2025-12-31,0.09762,Low,random_forest
1815,2025-12-31,0.13186,Low,random_forest
1816,2025-12-31,0.11225,Low,random_forest
1822,2025-12-31,0.00485,Low,random_forest
1823,2025-12-31,0.08124,Low,random_forest
1824,2025-12-31,0.03519,Low,random_forest
1826,2025-12-31,0.06874,Low,random_forest
1827,2025-12-31,0.09229,Low,random_forest
1829,2025-12-31,0.03765,Low,random_forest
1830,2025-12-31,0.122,Low,random_forest
1833,2025-12-31,0.20737,Medium,random_forest
1834,2025-12-31,0.11936,Low,random_forest
1835,2025-12-31,0.13414,Low,random_forest
1836,2025-12-31,0.17363,Low,random_forest
1837,2025-12-31,0.19023,Medium,random_forest
1839,2025-12-31,0.43909,High,random_forest
1845,2025-12-31,0.05702,Low,random_forest
1847,2025-12-31,0.16263,Low,random_forest
1849,2025-12-31,0.06066,Low,random_forest
1850,2025-12-31,0.5001,High,random_forest
1852,2025-12-31,0.1399,Low,random_forest
1853,2025-12-31,0.34626,High,random_forest
1854,2025-12-31,0.04236,Low,random_forest
1856,2025-12-31,0.17659,Medium,random_forest
1857,2025-12-31,0.07037,Low,random_forest
1858,2025-12-31,0.19226,Medium,random_forest
1859,2025-12-31,0.05072,Low,random_forest
1860,2025-12-31,0.18903,Medium,random_forest
1863,2025-12-31,0.17723,Medium,random_forest
1864,2025-12-31,0.14355,Low,random_forest
1865,2025-12-31,0.41707,High,random_forest
1866,2025-12-31,0.07624,Low,random_forest
1867,2025-12-31,0.31836,High,random_forest
1870,2025-12-31,0.14536,Low,random_forest
1871,2025-12-31,0.10543,Low,random_forest
1873,2025-12-31,0.08279,Low,random_forest
1875,2025-12-31,0.27607,Medium,random_forest
1880,2025-12-31,0.13855,Low,random_forest
1881,2025-12-31,0.06915,Low,random_forest
1882,2025-12-31,0.12793,Low,random_forest
1883,2025-12-31,0.33538,High,random_forest
1885,2025-12-31,0.08864,Low,random_forest
1886,2025-12-31,0.19985,Medium,random_forest
1888,2025-12-31,0.03907,Low,random_forest
1890,2025-12-31,0.08669,Low,random_forest
1892,2025-12-31,0.03486,Low,random_forest
1893,2025-12-31,0.35145,High,random_forest
1898,2025-12-31,0.20735,Medium,random_forest
1900,2025-12-31,0.04098,Low,random_forest
1903,2025-12-31,0.05909,Low,random_forest
1908,2025-12-31,0.11125,Low,random_forest
1909,2025-12-31,0.03157,Low,random_forest
1911,2025-12-31,0.00898,Low,random_forest
1912,2025-12-31,0.1184,Low,random_forest
1915,2025-12-31,0.19947,Medium,random_forest
1916,2025-12-31,0.17246,Low,random_forest
1918,2025-12-31,0.14342,Low,random_forest
1922,2025-12-31,0.07958,Low,random_forest
1924,2025-12-31,0.13133,Low,random_forest
1927,2025-12-31,0.17326,Low,random_forest
1929,2025-12-31,0.10058,Low,random_forest
1931,2025-12-31,0.12951,Low,random_forest
1932,2025-12-31,0.16613,Low,random_forest
1934,2025-12-31,0.0942,Low,random_forest
1935,2025-12-31,0.14379,Low,random_forest
1936,2025-12-31,0.05476,Low,random_forest
1937,2025-12-31,0.21408,Medium,random_forest
1938,2025-12-31,0.10111,Low,random_forest
1940,2025-12-31,0.0806,Low,random_forest
1941,2025-12-31,0.09207,Low,random_forest
1943,2025-12-31,0.27029,Medium,random_forest
1945,2025-12-31,0.09982,Low,random_forest
1947,2025-12-31,0.19643,Medium,random_forest
1948,2025-12-31,0.19443,Medium,random_forest
1949,2025-12-31,0.16755,Low,random_forest
1950,2025-12-31,0.27964,Medium,random_forest
1951,2025-12-31,0.09627,Low,random_forest
1952,2025-12-31,0.21753,Medium,random_forest
1954,2025-12-31,0.03504,Low,random_forest
1955,2025-12-31,0.02953,Low,random_forest
1956,2025-12-31,0.19027,Medium,random_forest
1961,2025-12-31,0.42807,High,random_forest
1962,2025-12-31,0.20395,Medium,random_forest
1965,2025-12-31,0.07439,Low,random_forest
1966,2025-12-31,0.13899,Low,random_forest
1969,2025-12-31,0.11404,Low,random_forest
1970,2025-12-31,0.02506,Low,random_forest
1971,2025-12-31,0.12172,Low,random_forest
1972,2025-12-31,0.27675,Medium,random_forest
1973,2025-12-31,0.13622,Low,random_forest
1974,2025-12-31,0.46008,High,random_forest
1975,2025-12-31,0.29015,High,random_forest
1976,2025-12-31,0.08142,Low,random_forest
1979,2025-12-31,0.04483,Low,random_forest
1980,2025-12-31,0.11531,Low,random_forest
1981,2025-12-31,0.17214,Low,random_forest
1982,2025-12-31,0.17059,Low,random_forest
1985,2025-12-31,0.07378,Low,random_forest
1986,2025-12-31,0.00755,Low,random_forest
1987,2025-12-31,0.32272,High,random_forest
1989,2025-12-31,0.11968,Low,random_forest
1992,2025-12-31,0.35899,High,random_forest
1993,2025-12-31,0.14907,Low,random_forest
1994,2025-12-31,0.19754,Medium,random_forest
1995,2025-12-31,0.04504,Low,random_forest
1996,2025-12-31,0.25636,Medium,random_forest
1997,2025-12-31,0.08316,Low,random_forest
1998,2025-12-31,0.13296,Low,random_forest
1999,2025-12-31,0.05462,Low,random_forest
2000,2025-12-31,0.07087,Low,random_forest
2003,2025-12-31,0.23734,Medium,random_forest
2007,2025-12-31,0.16544,Low,random_forest
2008,2025-12-31,0.11159,Low,random_forest
2009,2025-12-31,0.1066,Low,random_forest
2010,2025-12-31,0.17541,Medium,random_forest
2012,2025-12-31,0.19753,Medium,random_forest
2013,2025-12-31,0.15594,Low,random_forest
2014,2025-12-31,0.10293,Low,random_forest
2015,2025-12-31,0.01752,Low,random_forest
2016,2025-12-31,0.18381,Medium,random_forest
2017,2025-12-31,0.03121,Low,random_forest
2018,2025-12-31,0.15562,Low,random_forest
2019,2025-12-31,0.19689,Medium,random_forest
2020,2025-12-31,0.39744,High,random_forest
2021,2025-12-31,0.59059,High,random_forest
2022,2025-12-31,0.04472,Low,random_forest
2024,2025-12-31,0.1026,Low,random_forest
2025,2025-12-31,0.07601,Low,random_forest
2026,2025-12-31,0.04431,Low,random_forest
2031,2025-12-31,0.0837,Low,random_forest
2034,2025-12-31,0.10616,Low,random_forest
2035,2025-12-31,0.12754,Low,random_forest
2036,2025-12-31,0.10051,Low,random_forest
2037,2025-12-31,0.05998,Low,random_forest
2038,2025-12-31,0.24132,Medium,random_forest
2040,2025-12-31,0.23666,Medium,random_forest
2041,2025-12-31,0.07604,Low,random_forest
2045,2025-12-31,0.07225,Low,random_forest
2046,2025-12-31,0.11908,Low,random_forest
2048,2025-12-31,0.13762,Low,random_forest
2049,2025-12-31,0.12924,Low,random_forest
2051,2025-12-31,0.09433,Low,random_forest
2052,2025-12-31,0.03861,Low,random_forest
2053,2025-12-31,0.14017,Low,random_forest
2054,2025-12-31,0.3282,High,random_forest
2056,2025-12-31,0.23528,Medium,random_forest
2057,2025-12-31,0.14161,Low,random_forest
2060,2025-12-31,0.28715,Medium,random_forest
2061,2025-12-31,0.0757,Low,random_forest
2062,2025-12-31,0.04233,Low,random_forest
2064,2025-12-31,0.10232,Low,random_forest
2065,2025-12-31,0.15496,Low,random_forest
2068,2025-12-31,0.13665,Low,random_forest
131,2025-12-31,0.36842,High,random_forest
549,2025-12-31,0.24758,Medium,random_forest
698,2025-12-31,0.25523,Medium,random_forest
762,2025-12-31,0.23885,Medium,random_forest
1032,2025-12-31,0.17659,Medium,random_forest
